Date,Open,High,Low,Close,Adj Close,Volume
2017-07-11,268.5,287.32501220703125,266.20001220703125,283.625,282.8414001464844,28572624
2017-07-12,288.2250061035156,321.3500061035156,287.5,314.7749938964844,313.9053039550781,35549156
2017-07-13,326.0,349.4750061035156,315.04998779296875,345.57501220703125,344.6202392578125,43750394
2017-07-14,348.8999938964844,362.75,280.54998779296875,299.3999938964844,298.5727844238281,67296768
2017-07-17,295.0,306.8500061035156,281.17498779296875,298.04998779296875,297.2265319824219,23021580
2017-07-18,295.0,301.5,290.54998779296875,294.45001220703125,293.6365051269531,7099796
2017-07-19,295.9750061035156,300.75,292.04998779296875,293.4750061035156,292.6642150878906,3583984
2017-07-20,294.0,299.4750061035156,288.54998779296875,291.29998779296875,290.4952087402344,6110080
2017-07-21,292.0,297.5,290.1000061035156,291.7250061035156,290.9190368652344,2877876
2017-07-24,293.25,295.4750061035156,288.0,293.20001220703125,292.38995361328125,2979578
2017-07-25,294.9750061035156,306.0,294.4750061035156,301.0249938964844,300.1933288574219,6180740
2017-07-26,301.1499938964844,303.5,296.0,297.5,296.67803955078125,2126020
2017-07-27,298.95001220703125,299.2250061035156,290.0,290.92498779296875,290.1211853027344,1698416
2017-07-28,289.0,299.375,285.0,294.25,293.4370422363281,4663896
2017-07-31,295.0,297.5,289.07501220703125,295.29998779296875,294.484130859375,2100158
2017-08-01,296.0,296.25,291.5,292.95001220703125,292.140625,844314
2017-08-02,291.1000061035156,294.95001220703125,290.0,291.0,290.1960144042969,930916
2017-08-03,291.0,292.75,274.04998779296875,279.25,278.4784851074219,1480784
2017-08-04,280.20001220703125,280.20001220703125,270.875,277.1499938964844,276.38427734375,1403112
2017-08-07,275.0,290.7250061035156,248.125,275.70001220703125,274.9382629394531,14704942
2017-08-08,276.7250061035156,289.1499938964844,274.2749938964844,284.17498779296875,283.3898620605469,4743356
2017-08-09,282.5,282.5,270.5,274.95001220703125,274.1903991699219,2774206
2017-08-10,257.5,275.3500061035156,251.0,271.3999938964844,270.650146484375,6399422
2017-08-11,266.0,273.92498779296875,262.57501220703125,270.75,270.0019836425781,1678474
2017-08-14,272.6000061035156,277.5,268.5,270.20001220703125,269.4534912109375,1176194
2017-08-16,272.54998779296875,275.8999938964844,270.1499938964844,272.04998779296875,271.29833984375,975976
2017-08-17,273.20001220703125,276.25,271.04998779296875,271.75,270.99920654296875,651746
2017-08-18,270.70001220703125,274.5,267.5,268.875,268.13214111328125,573760
2017-08-21,270.375,273.25,268.67498779296875,270.1000061035156,269.353759765625,1074978
2017-08-22,271.3999938964844,272.125,263.8500061035156,264.75,264.0185241699219,943080
2017-08-23,265.8999938964844,266.5,261.0,262.625,261.8993835449219,510576
2017-08-24,263.375,267.5,262.0249938964844,266.42498779296875,265.68890380859375,972048
2017-08-28,266.625,270.625,264.0,268.9750061035156,268.23187255859375,1001376
2017-08-29,265.5,279.3999938964844,265.5,272.3999938964844,271.6473693847656,1649802
2017-08-30,275.0,278.875,274.2250061035156,275.42498779296875,274.66400146484375,712294
2017-08-31,274.8999938964844,278.2250061035156,273.0,274.7250061035156,273.9659729003906,580208
2017-09-01,275.5,285.0,273.7749938964844,276.1499938964844,275.3870544433594,1765988
2017-09-04,277.875,282.1499938964844,271.0249938964844,278.5,277.73052978515625,1182770
2017-09-05,280.04998779296875,288.25,276.57501220703125,286.57501220703125,285.78326416015625,1989224
2017-09-06,284.0,289.0,281.79998779296875,283.92498779296875,283.1405334472656,1157354
2017-09-07,285.625,288.0,277.5,279.3500061035156,278.5782165527344,815452
2017-09-08,280.5,282.75,275.0,277.17498779296875,276.4091796875,831916
2017-09-11,279.375,282.45001220703125,275.5,279.29998779296875,278.5283203125,697004
2017-09-12,280.0,280.2250061035156,275.5249938964844,277.82501220703125,277.05743408203125,468214
2017-09-13,278.45001220703125,280.0,275.5249938964844,278.75,277.9798583984375,476598
2017-09-14,279.5,282.1499938964844,276.3500061035156,277.04998779296875,276.2845764160156,359790
2017-09-15,275.8999938964844,286.0,275.2250061035156,283.625,282.8414001464844,1008804
2017-09-18,284.5,288.0,279.5,281.3500061035156,280.57269287109375,823952
2017-09-19,281.3999938964844,281.3999938964844,275.5,276.5249938964844,275.760986328125,931266
2017-09-20,278.3999938964844,279.0,273.17498779296875,274.95001220703125,274.1903991699219,1214296
2017-09-21,275.6000061035156,280.3999938964844,273.0,276.8500061035156,276.0851135253906,986458
2017-09-22,275.95001220703125,275.95001220703125,270.5,272.9750061035156,272.2207946777344,569140
2017-09-25,274.79998779296875,278.75,264.25,276.75,275.9853820800781,896016
2017-09-26,278.04998779296875,281.79998779296875,272.32501220703125,280.04998779296875,279.2762756347656,1125944
2017-09-27,280.45001220703125,281.70001220703125,275.82501220703125,279.32501220703125,278.55328369140625,838242
2017-09-28,278.0,279.8999938964844,275.04998779296875,278.57501220703125,277.8053894042969,758496
2017-09-29,279.4750061035156,288.95001220703125,275.04998779296875,284.29998779296875,283.5145263671875,792284
2017-10-03,284.6000061035156,286.67498779296875,278.7749938964844,281.2749938964844,280.4978942871094,1070914
2017-10-04,283.95001220703125,286.42498779296875,280.04998779296875,281.6499938964844,280.8718566894531,332520
2017-10-05,281.0,295.0,281.0,292.875,292.0658264160156,1734874
2017-10-06,295.20001220703125,311.5,293.1000061035156,307.5249938964844,306.67535400390625,3843936
2017-10-09,305.45001220703125,305.75,293.54998779296875,295.70001220703125,294.883056640625,1247384
2017-10-10,297.3999938964844,297.4750061035156,288.0,290.3999938964844,289.5976867675781,678448
2017-10-11,291.04998779296875,293.6499938964844,288.82501220703125,290.79998779296875,289.9965515136719,1128084
2017-10-12,292.95001220703125,293.07501220703125,285.07501220703125,290.67498779296875,289.87188720703125,481810
2017-10-13,291.1499938964844,298.0,288.75,292.8500061035156,292.0409240722656,909564
2017-10-16,294.5,307.20001220703125,292.0,303.625,302.7861328125,2015128
2017-10-17,302.79998779296875,304.8999938964844,299.2250061035156,302.17498779296875,301.3401184082031,542840
2017-10-18,300.0,304.5,294.1000061035156,295.8500061035156,295.0326232910156,628020
2017-10-19,296.0,301.7749938964844,296.0,300.45001220703125,299.6199035644531,204002
2017-10-23,300.0,302.9750061035156,297.6499938964844,299.25,298.4232177734375,759678
2017-10-24,299.0,300.9750061035156,295.75,296.70001220703125,295.8802795410156,259344
2017-10-25,295.0,299.0,282.0,285.125,284.33721923828125,1466270
2017-10-26,287.3999938964844,294.92498779296875,286.0,290.67498779296875,289.87188720703125,338256
2017-10-27,293.8999938964844,302.0,293.0,295.8999938964844,295.08245849609375,844860
2017-10-30,296.5,299.5,285.5,293.9750061035156,293.16278076171875,1627976
2017-10-31,294.0,297.67498779296875,290.04998779296875,290.875,290.07135009765625,453978
2017-11-01,295.4750061035156,296.0,290.0,294.6499938964844,293.8359069824219,589374
2017-11-02,298.5,309.75,298.5,305.125,304.281982421875,1854906
2017-11-03,310.0,310.0,305.4750061035156,307.45001220703125,306.6005859375,1074414
2017-11-06,308.9750061035156,311.0,303.95001220703125,307.6000061035156,306.7501525878906,645802
2017-11-07,309.1499938964844,310.1000061035156,299.0,305.7250061035156,304.8803405761719,688332
2017-11-08,305.5,311.8999938964844,304.5,305.92498779296875,305.07977294921875,639110
2017-11-09,306.5,314.0,306.5,311.875,311.0133361816406,833566
2017-11-10,309.0,311.5,300.0,302.4750061035156,301.6392822265625,573826
2017-11-13,302.5,309.0,297.54998779296875,307.3500061035156,306.5008239746094,750236
2017-11-14,310.0,312.45001220703125,308.0249938964844,311.79998779296875,310.93853759765625,534986
2017-11-15,304.0,314.95001220703125,304.0,312.9750061035156,312.1103210449219,444250
2017-11-16,313.25,326.25,313.0,322.79998779296875,321.90814208984375,1038832
2017-11-17,324.0,339.5,320.04998779296875,335.2250061035156,334.298828125,1326186
2017-11-20,336.0,337.4750061035156,329.0249938964844,331.6000061035156,330.683837890625,357244
2017-11-21,334.6000061035156,337.0,324.6000061035156,325.75,324.8500061035156,1517708
2017-11-22,326.07501220703125,327.82501220703125,320.7749938964844,326.3500061035156,325.4483642578125,232062
2017-11-23,329.2250061035156,336.8999938964844,325.1000061035156,332.7749938964844,331.8555908203125,343096
2017-11-24,332.7749938964844,336.5,329.0,331.625,330.708740234375,255302
2017-11-27,332.45001220703125,335.0,327.5,334.2749938964844,333.3514404296875,420776
2017-11-28,334.4750061035156,342.17498779296875,331.1000061035156,339.79998779296875,338.8611755371094,895444
2017-11-29,342.5,349.20001220703125,340.6000061035156,344.75,343.7974853515625,614140
2017-11-30,344.0,356.5,337.5,349.0249938964844,348.0606689453125,1045932
2017-12-01,349.8500061035156,356.5,345.5,351.04998779296875,350.080078125,539830
2017-12-04,353.92498779296875,354.8999938964844,335.1499938964844,343.82501220703125,342.87506103515625,423594
2017-12-05,343.82501220703125,345.0,340.0,342.29998779296875,341.354248046875,314036
2017-12-06,342.29998779296875,344.9750061035156,335.04998779296875,336.42498779296875,335.4954833984375,491036
2017-12-07,338.0,341.92498779296875,335.0249938964844,338.79998779296875,337.86395263671875,227726
2017-12-08,339.0,347.0,338.5,344.8999938964844,343.94708251953125,479180
2017-12-11,347.45001220703125,365.9750061035156,344.0249938964844,356.42498779296875,355.44024658203125,1368978
2017-12-12,357.5,366.25,357.5,362.125,361.12451171875,1019772
2017-12-13,364.82501220703125,368.5,347.54998779296875,349.6499938964844,348.6839599609375,515892
2017-12-14,351.6000061035156,352.95001220703125,325.45001220703125,337.875,336.9415283203125,581710
2017-12-15,342.54998779296875,346.92498779296875,330.04998779296875,335.2250061035156,334.298828125,3928162
2017-12-18,335.1499938964844,339.95001220703125,325.0,334.20001220703125,333.27667236328125,371262
2017-12-19,336.5,341.5,331.5,335.3500061035156,334.4234924316406,345962
2017-12-20,337.5,345.0,333.5249938964844,342.4750061035156,341.52880859375,540510
2017-12-21,344.04998779296875,349.0,340.25,341.70001220703125,340.7559509277344,242830
2017-12-22,338.20001220703125,343.3500061035156,337.5,339.92498779296875,338.9858093261719,235026
2017-12-26,340.375,342.3999938964844,335.5,339.625,338.6866455078125,114448
2017-12-27,339.5,344.5,338.17498779296875,340.8999938964844,339.9581604003906,178214
2017-12-28,342.45001220703125,342.45001220703125,336.29998779296875,338.7749938964844,337.8390197753906,164434
2017-12-29,339.0,340.8999938964844,330.2749938964844,333.3999938964844,332.4788818359375,336048
2018-01-01,334.5,338.1000061035156,329.5,331.42498779296875,330.5093078613281,185152
2018-01-02,331.5,339.5,326.1000061035156,330.70001220703125,329.7863464355469,259520
2018-01-03,331.07501220703125,338.20001220703125,330.29998779296875,334.875,333.9497985839844,241292
2018-01-04,335.8999938964844,338.95001220703125,332.5,337.5,336.5675354003906,224020
2018-01-05,337.5,352.0,337.5,349.7250061035156,348.7587585449219,511032
2018-01-08,355.0,360.0,350.5249938964844,356.0,355.01641845703125,596384
2018-01-09,355.0,357.25,347.5,349.70001220703125,348.7338562011719,424642
2018-01-10,351.75,352.5,347.5249938964844,349.7749938964844,348.8086242675781,206438
2018-01-11,347.0,362.5,347.0,354.7749938964844,353.7947998046875,536650
2018-01-12,357.32501220703125,359.70001220703125,347.625,352.6000061035156,351.6258544921875,429896
2018-01-15,355.25,357.17498779296875,351.5249938964844,354.0,353.02197265625,170636
2018-01-16,357.0,357.0,349.5,351.3500061035156,350.3793029785156,248946
2018-01-17,352.0,355.0,349.5,354.5249938964844,353.54547119140625,214650
2018-01-18,362.5,362.5,350.0,354.04998779296875,353.0718078613281,475124
2018-01-19,357.32501220703125,370.54998779296875,352.5,360.20001220703125,359.204833984375,875398
2018-01-22,357.5,360.04998779296875,350.0,358.3500061035156,357.3599548339844,1368514
2018-01-23,358.42498779296875,362.0249938964844,355.0,356.25,355.2657470703125,160646
2018-01-24,355.0,357.79998779296875,346.57501220703125,349.92498779296875,348.95819091796875,207342
2018-01-25,352.875,352.875,337.45001220703125,342.125,341.1797790527344,163832
2018-01-29,342.125,350.0,342.0,344.25,343.29888916015625,149834
2018-01-30,346.8500061035156,346.95001220703125,337.0249938964844,339.6499938964844,338.7115783691406,192732
2018-01-31,335.67498779296875,338.0,322.70001220703125,328.2749938964844,327.3680419921875,740994
2018-02-01,326.0,337.0,324.0,331.45001220703125,330.5342712402344,294378
2018-02-02,328.0,328.0,277.7749938964844,319.6000061035156,318.7170104980469,794792
2018-02-05,312.0,317.375,302.125,309.4750061035156,308.6199951171875,1225708
2018-02-06,301.0,311.375,287.5249938964844,301.7250061035156,300.8913879394531,357626
2018-02-07,314.3999938964844,315.0,300.25,304.0,303.1600646972656,253984
2018-02-08,306.57501220703125,308.5249938964844,301.04998779296875,301.7250061035156,300.8913879394531,260720
2018-02-09,292.5,304.125,292.5,296.75,295.93011474609375,223794
2018-02-12,297.0,301.54998779296875,296.2749938964844,298.5249938964844,297.7001953125,231518
2018-02-14,303.45001220703125,303.45001220703125,295.0,296.9750061035156,296.1545104980469,252356
2018-02-15,299.4750061035156,299.82501220703125,293.3500061035156,295.32501220703125,294.5090637207031,161052
2018-02-16,296.07501220703125,297.5,290.5,291.5,290.6946105957031,155746
2018-02-19,292.5249938964844,293.75,282.5,287.29998779296875,286.5061950683594,398102
2018-02-20,287.5,291.17498779296875,283.5249938964844,287.9750061035156,287.17938232421875,395462
2018-02-21,288.0,292.4750061035156,288.0,289.8999938964844,289.09906005859375,101556
2018-02-22,287.5,289.6499938964844,286.95001220703125,287.875,287.07965087890625,66036
2018-02-23,288.0249938964844,292.92498779296875,284.5,287.92498779296875,287.1294860839844,136834
2018-02-26,290.04998779296875,299.5,290.0,296.2749938964844,295.4564514160156,223098
2018-02-27,300.0,300.0,292.5,293.9750061035156,293.16278076171875,146200
2018-02-28,291.9750061035156,299.8999938964844,291.9750061035156,295.6000061035156,294.7833251953125,196768
2018-03-01,297.54998779296875,300.04998779296875,285.32501220703125,299.07501220703125,298.24871826171875,483552
2018-03-05,298.0,298.0,293.0,293.375,292.5644226074219,75676
2018-03-06,294.07501220703125,296.4750061035156,286.3500061035156,291.7749938964844,290.9688415527344,128914
2018-03-07,292.0,293.1499938964844,282.6499938964844,286.45001220703125,285.6585998535156,205962
2018-03-08,287.54998779296875,294.5,286.5,292.7250061035156,291.916259765625,122574
2018-03-09,293.57501220703125,295.75,287.92498779296875,294.2749938964844,293.4619445800781,164252
2018-03-12,295.54998779296875,296.79998779296875,288.75,290.7250061035156,289.9217834472656,126762
2018-03-13,292.45001220703125,296.25,288.4750061035156,291.67498779296875,290.869140625,169500
2018-03-14,292.5,296.20001220703125,289.0,290.32501220703125,289.52288818359375,590924
2018-03-15,287.125,299.79998779296875,287.125,297.8500061035156,297.0270690917969,398196
2018-03-16,299.0,299.5,290.0,290.54998779296875,289.74725341796875,186700
2018-03-19,292.0,294.5,288.54998779296875,290.3999938964844,289.5976867675781,848596
2018-03-20,286.29998779296875,291.0,284.5,289.6000061035156,288.7998962402344,175758
2018-03-21,289.6000061035156,293.8999938964844,288.17498779296875,292.25,291.44256591796875,192080
2018-03-22,292.25,294.0,288.2749938964844,289.7250061035156,288.9245300292969,141526
2018-03-23,285.0,289.54998779296875,282.6499938964844,287.75,286.95501708984375,117174
2018-03-26,289.5,297.5,288.25,295.32501220703125,294.5090637207031,200092
2018-03-27,295.0,314.5,295.0,311.3500061035156,310.4897766113281,850734
2018-03-28,311.0,319.5,305.1000061035156,309.0249938964844,308.17120361328125,424826
2018-04-02,312.0,322.75,307.5,321.17498779296875,320.2876281738281,215126
2018-04-03,320.0,324.375,310.32501220703125,314.6000061035156,313.7308044433594,150610
2018-04-04,320.95001220703125,321.92498779296875,312.54998779296875,317.95001220703125,317.0715637207031,4098422
2018-04-05,319.0,328.2250061035156,319.0,326.42498779296875,325.52313232421875,406032
2018-04-06,327.79998779296875,330.57501220703125,320.17498779296875,328.7250061035156,327.8168029785156,133674
2018-04-09,330.0,342.25,327.0249938964844,338.57501220703125,337.63958740234375,591486
2018-04-10,338.4750061035156,338.5,332.04998779296875,335.67498779296875,334.74755859375,550036
2018-04-11,333.0,336.29998779296875,330.0,332.82501220703125,331.9054870605469,128488
2018-04-12,332.92498779296875,340.0,331.0,338.7250061035156,337.7891540527344,141416
2018-04-13,336.0249938964844,344.95001220703125,330.0,331.17498779296875,330.260009765625,178662
2018-04-16,331.25,333.4750061035156,319.75,330.92498779296875,330.01068115234375,324704
2018-04-17,333.57501220703125,334.0,322.5,324.625,323.72808837890625,136726
2018-04-18,326.8999938964844,333.7250061035156,326.2250061035156,328.8500061035156,327.94146728515625,311186
2018-04-19,326.32501220703125,330.7749938964844,323.8500061035156,325.45001220703125,324.55084228515625,58166
2018-04-20,327.3999938964844,331.5,325.1000061035156,326.9750061035156,326.0716247558594,412264
2018-04-23,327.5,329.875,325.0,328.3999938964844,327.4926452636719,127016
2018-04-24,330.0,357.2250061035156,327.0,349.125,348.1604309082031,547784
2018-04-25,350.0,356.0,346.5,350.7250061035156,349.7560119628906,362410
2018-04-26,352.125,371.92498779296875,351.92498779296875,368.6499938964844,367.6314697265625,1333218
2018-04-27,371.0,374.20001220703125,350.54998779296875,365.82501220703125,364.8143310546875,1310784
2018-04-30,369.8500061035156,370.0,355.5,360.92498779296875,359.92779541015625,201948
2018-05-02,359.9750061035156,366.5,348.32501220703125,354.42498779296875,353.4457702636719,452196
2018-05-03,355.8500061035156,357.6000061035156,347.2749938964844,348.92498779296875,347.9609680175781,138644
2018-05-04,349.95001220703125,349.95001220703125,337.5,339.17498779296875,338.2379150390625,130176
2018-05-07,339.0,345.95001220703125,333.75,335.82501220703125,334.8971862792969,100160
2018-05-08,335.82501220703125,338.07501220703125,325.625,328.79998779296875,327.8915710449219,361542
2018-05-09,327.5,351.70001220703125,327.5,347.3999938964844,346.440185546875,350638
2018-05-10,347.8500061035156,355.5,336.1000061035156,352.79998779296875,351.82525634765625,398992
2018-05-11,354.1000061035156,358.20001220703125,351.5,355.54998779296875,354.56768798828125,243308
2018-05-14,352.5,357.5,345.0,348.2749938964844,347.3127746582031,142134
2018-05-15,345.25,354.0,336.125,348.125,347.1631774902344,190380
2018-05-16,347.57501220703125,353.5,342.7250061035156,350.625,349.6562805175781,96888
2018-05-17,354.9750061035156,355.0,345.6499938964844,347.5,346.5399169921875,389860
2018-05-18,347.5,348.375,342.75,345.3500061035156,344.3958435058594,96774
2018-05-21,350.0,360.3500061035156,348.67498779296875,352.29998779296875,351.3266296386719,554162
2018-05-22,352.0,360.0,345.0,346.67498779296875,345.7171936035156,266110
2018-05-23,346.95001220703125,356.25,344.17498779296875,354.6000061035156,353.62030029296875,243456
2018-05-24,356.5,356.7749938964844,341.95001220703125,348.3999938964844,347.4374084472656,238680
2018-05-25,346.32501220703125,354.45001220703125,346.04998779296875,347.9750061035156,347.01361083984375,194832
2018-05-28,346.6000061035156,349.9750061035156,341.75,343.04998779296875,342.1022033691406,139796
2018-05-29,343.04998779296875,345.0,339.20001220703125,341.67498779296875,340.7309875488281,207274
2018-05-30,340.45001220703125,347.5,337.5,344.7250061035156,343.7725830078125,183348
2018-05-31,344.04998779296875,353.8999938964844,342.0,348.6499938964844,347.6867370605469,277768
2018-06-01,345.5,351.95001220703125,345.5,348.70001220703125,347.7366027832031,159432
2018-06-04,349.70001220703125,350.0,345.45001220703125,349.5249938964844,348.559326171875,123978
2018-06-05,349.4750061035156,349.4750061035156,340.0,344.2250061035156,343.27398681640625,137594
2018-06-06,342.82501220703125,352.3500061035156,342.0,349.3500061035156,348.3847961425781,138410
2018-06-07,349.0,357.3999938964844,348.75,352.3500061035156,351.37652587890625,933232
2018-06-08,345.9750061035156,355.95001220703125,345.9750061035156,349.92498779296875,348.95819091796875,611326
2018-06-11,350.5,354.5,346.0,347.875,346.91387939453125,680298
2018-06-12,351.9750061035156,364.0,348.0,360.3999938964844,359.4042663574219,407418
2018-06-13,361.3500061035156,367.17498779296875,353.67498779296875,357.57501220703125,356.58709716796875,268096
2018-06-14,359.0,364.0,352.6499938964844,360.32501220703125,359.3294677734375,282002
2018-06-15,360.5249938964844,366.375,352.92498779296875,355.875,354.8917541503906,822184
2018-06-18,355.75,361.04998779296875,352.75,356.2250061035156,355.2408142089844,290462
2018-06-19,357.5,359.8999938964844,351.54998779296875,358.2250061035156,357.23529052734375,310422
2018-06-20,357.5249938964844,360.92498779296875,352.6499938964844,354.3999938964844,353.42083740234375,378084
2018-06-21,355.0,356.1499938964844,343.875,345.17498779296875,344.2213134765625,431498
2018-06-22,345.17498779296875,349.6499938964844,337.79998779296875,340.1499938964844,339.210205078125,352138
2018-06-25,340.1499938964844,349.0,337.7749938964844,344.45001220703125,343.49835205078125,333962
2018-06-26,342.95001220703125,347.5,341.5,343.2250061035156,342.2767028808594,174966
2018-06-27,342.6499938964844,348.375,330.20001220703125,334.6000061035156,333.6755676269531,313820
2018-06-28,335.54998779296875,338.82501220703125,325.0,331.5,330.5841369628906,447094
2018-06-29,335.0,337.5,327.32501220703125,327.875,326.9691467285156,165694
2018-07-02,330.32501220703125,334.67498779296875,326.0249938964844,332.375,331.4566955566406,205892
2018-07-03,332.42498779296875,339.8999938964844,329.07501220703125,335.29998779296875,334.37359619140625,183158
2018-07-04,337.29998779296875,346.54998779296875,332.0,340.1000061035156,339.1603698730469,153760
2018-07-05,335.7749938964844,341.625,331.5,334.6000061035156,333.6755676269531,176778
2018-07-06,320.0,346.25,306.0249938964844,339.67498779296875,338.7365417480469,2845708
2018-07-09,332.3999938964844,332.3999938964844,314.5,318.82501220703125,317.94415283203125,2167110
2018-07-10,317.0,324.0,315.5,319.57501220703125,318.6920471191406,890102
2018-07-11,320.5,323.57501220703125,317.0249938964844,318.8999938964844,318.0188903808594,552884
2018-07-12,321.0,325.0,318.57501220703125,324.29998779296875,323.4040222167969,861442
2018-07-13,323.5,323.5,315.0,318.125,317.2460632324219,19328672
2018-07-16,318.5249938964844,322.45001220703125,315.6000061035156,317.4750061035156,316.5978698730469,896292
2018-07-17,319.95001220703125,320.0,316.1499938964844,317.4750061035156,316.5978698730469,401506
2018-07-18,319.45001220703125,319.45001220703125,315.0,318.0249938964844,317.1463317871094,339022
2018-07-19,318.5,318.5,311.625,314.75,313.8804016113281,3249522
2018-07-20,314.5,317.29998779296875,312.95001220703125,316.0,315.126953125,634684
2018-07-23,316.0,323.45001220703125,313.875,320.9750061035156,320.08819580078125,521698
2018-07-24,318.07501220703125,323.0,317.79998779296875,320.4750061035156,319.5895690917969,709388
2018-07-25,321.5,325.5,317.5,318.6000061035156,317.7197570800781,886460
2018-07-26,319.95001220703125,322.3500061035156,318.45001220703125,320.0,319.1158752441406,299618
2018-07-27,320.0,322.5,316.8500061035156,318.20001220703125,317.32086181640625,1594378
2018-07-30,318.20001220703125,322.3999938964844,318.20001220703125,320.125,319.4915466308594,3648620
2018-07-31,321.5,324.0,319.75,321.95001220703125,321.3129577636719,460304
2018-08-01,320.1000061035156,323.5,319.5249938964844,322.07501220703125,321.4377136230469,1606214
2018-08-02,322.5,330.5,321.0249938964844,328.70001220703125,328.0495910644531,1349086
2018-08-03,330.0,332.25,327.5,328.6499938964844,327.9996643066406,288252
2018-08-06,330.0,333.0,325.0,328.95001220703125,328.2991027832031,253594
2018-08-07,330.45001220703125,335.0,320.0,329.75,329.0975036621094,1428720
2018-08-08,326.3500061035156,330.875,319.0,326.875,326.2281799316406,496422
2018-08-09,329.45001220703125,329.45001220703125,320.5,322.2749938964844,321.63726806640625,232148
2018-08-10,335.0,357.0,335.0,346.8500061035156,346.1636657714844,5892634
2018-08-13,344.8999938964844,354.45001220703125,339.0,344.70001220703125,344.0179443359375,1688548
2018-08-14,346.20001220703125,346.3999938964844,340.0,341.25,340.57476806640625,324282
2018-08-16,339.45001220703125,352.82501220703125,337.5,348.8500061035156,348.15972900390625,1747024
2018-08-17,349.82501220703125,352.9750061035156,343.125,347.7250061035156,347.0369567871094,1060576
2018-08-20,348.9750061035156,352.5,342.375,344.17498779296875,343.49395751953125,281260
2018-08-21,344.0,350.75,336.7749938964844,349.7749938964844,349.0828857421875,755778
2018-08-23,352.5,357.0,345.1000061035156,350.70001220703125,350.0060729980469,5424180
2018-08-24,348.5,352.45001220703125,344.5,349.8999938964844,349.2076110839844,388470
2018-08-27,350.0,363.79998779296875,349.8999938964844,360.5249938964844,359.8116149902344,1446590
2018-08-28,359.9750061035156,362.5,351.5,359.5249938964844,358.8135986328125,590864
2018-08-29,360.17498779296875,367.3500061035156,360.17498779296875,364.625,363.90350341796875,2486510
2018-08-30,368.4750061035156,372.5,361.17498779296875,368.375,367.6460876464844,1701186
2018-08-31,365.25,372.3500061035156,361.04998779296875,367.54998779296875,366.82269287109375,771136
2018-09-03,366.79998779296875,367.92498779296875,362.07501220703125,365.04998779296875,364.32763671875,543000
2018-09-04,362.54998779296875,366.9750061035156,352.5,358.6499938964844,357.9403076171875,493976
2018-09-05,353.82501220703125,357.45001220703125,335.0,350.70001220703125,350.0060729980469,942728
2018-09-06,353.54998779296875,353.54998779296875,336.6000061035156,340.0249938964844,339.3521728515625,1165658
2018-09-07,340.0,349.5,338.0,347.2250061035156,346.5379333496094,790258
2018-09-10,345.04998779296875,349.2250061035156,337.5249938964844,340.0249938964844,339.3521728515625,604926
2018-09-11,340.5,351.625,340.5,344.17498779296875,343.49395751953125,473168
2018-09-12,346.0,349.0,339.1000061035156,347.2250061035156,346.5379333496094,409160
2018-09-14,345.04998779296875,351.45001220703125,345.04998779296875,347.25,346.5628662109375,363342
2018-09-17,348.25,348.25,339.45001220703125,341.17498779296875,340.4998779296875,204798
2018-09-18,338.54998779296875,343.5,336.0,337.625,336.9569396972656,405422
2018-09-19,338.0249938964844,342.5,333.125,337.9750061035156,337.3062438964844,257856
2018-09-21,339.42498779296875,342.20001220703125,319.8999938964844,322.4750061035156,321.8369140625,1324628
2018-09-24,322.7749938964844,326.5,306.29998779296875,308.45001220703125,307.83966064453125,2068408
2018-09-25,306.0,330.0,302.54998779296875,311.82501220703125,311.2079772949219,1138274
2018-09-26,314.1499938964844,317.45001220703125,306.6499938964844,308.8999938964844,308.28875732421875,882740
2018-09-27,308.95001220703125,311.375,296.79998779296875,302.25,301.6519470214844,1621922
2018-09-28,302.5,308.3500061035156,272.5249938964844,287.1499938964844,286.581787109375,2888868
2018-10-01,280.0,288.67498779296875,272.5,280.3500061035156,279.7952880859375,2081430
2018-10-03,280.0,287.25,273.3500061035156,282.375,281.8162536621094,1527806
2018-10-04,281.3500061035156,285.0,275.0,277.8500061035156,277.3002014160156,653834
2018-10-05,279.92498779296875,283.0,274.5249938964844,275.3500061035156,274.8051452636719,496328
2018-10-08,271.67498779296875,289.6000061035156,263.1000061035156,282.07501220703125,281.516845703125,1004910
2018-10-09,284.3500061035156,287.5,272.75,284.79998779296875,284.2364501953125,269964
2018-10-10,281.75,292.45001220703125,281.29998779296875,290.42498779296875,289.8503112792969,944508
2018-10-11,272.5,292.75,272.5,290.125,289.5509338378906,810492
2018-10-12,299.17498779296875,310.95001220703125,291.6499938964844,308.92498779296875,308.3136901855469,930066
2018-10-15,319.9750061035156,319.9750061035156,300.54998779296875,310.125,309.5113220214844,2441476
2018-10-16,312.5,318.42498779296875,310.1499938964844,315.7749938964844,315.150146484375,451722
2018-10-17,315.7749938964844,318.875,296.29998779296875,298.0249938964844,297.435302734375,551920
2018-10-19,298.0249938964844,298.4750061035156,268.5,269.79998779296875,269.26611328125,3241684
2018-10-22,270.0,275.45001220703125,250.25,261.25,260.7330627441406,1911286
2018-10-23,255.5500030517578,270.5,255.0,264.75,264.2261047363281,832934
2018-10-24,266.3999938964844,269.1000061035156,259.04998779296875,262.92498779296875,262.40472412109375,682816
2018-10-25,257.0,267.5,256.17498779296875,265.57501220703125,265.04949951171875,386172
2018-10-26,269.0,269.0,257.5,261.92498779296875,261.4067077636719,769504
2018-10-29,268.5,269.0,258.0249938964844,264.3500061035156,263.8269348144531,730810
2018-10-30,262.1499938964844,274.9750061035156,262.0,273.04998779296875,272.50970458984375,819684
2018-10-31,275.8999938964844,284.9750061035156,266.1000061035156,277.79998779296875,277.2502746582031,585436
2018-11-01,280.0249938964844,283.875,277.2250061035156,281.8500061035156,281.29229736328125,195896
2018-11-02,282.32501220703125,284.375,276.5,279.82501220703125,279.27130126953125,249910
2018-11-05,277.5,279.42498779296875,271.25,277.3999938964844,276.8511047363281,373434
2018-11-06,276.2749938964844,278.0,273.0249938964844,274.625,274.08160400390625,126090
2018-11-07,275.0,278.04998779296875,275.0,277.3999938964844,276.8511047363281,24610
2018-11-09,277.25,277.3999938964844,273.5,275.25,274.7053527832031,205408
2018-11-12,277.4750061035156,284.5,270.0,272.32501220703125,271.7861328125,301486
2018-11-13,274.0,274.0,260.0,268.3999938964844,267.868896484375,574482
2018-11-14,277.0,302.0,271.07501220703125,288.375,287.80438232421875,3021276
2018-11-15,284.45001220703125,296.25,283.0,293.57501220703125,292.9941101074219,872326
2018-11-16,295.32501220703125,304.70001220703125,292.9750061035156,298.875,298.2835998535156,974946
2018-11-19,298.875,304.9750061035156,294.04998779296875,296.29998779296875,295.71368408203125,466780
2018-11-20,297.20001220703125,301.95001220703125,280.17498779296875,294.375,293.7925109863281,815664
2018-11-21,290.67498779296875,299.25,290.6499938964844,294.82501220703125,294.24163818359375,419892
2018-11-22,296.0,296.0,293.17498779296875,294.54998779296875,293.9671325683594,472568
2018-11-26,296.0,296.79998779296875,288.70001220703125,294.95001220703125,294.36639404296875,319750
2018-11-27,296.20001220703125,306.20001220703125,292.20001220703125,304.5,303.8974609375,1836256
2018-11-28,302.0,304.0,291.1000061035156,292.7749938964844,292.1956481933594,258186
2018-11-29,295.0,300.6000061035156,287.5,292.57501220703125,291.99609375,345040
2018-11-30,292.57501220703125,300.0249938964844,279.3500061035156,284.125,283.56280517578125,5587318
2018-12-03,291.92498779296875,299.0,289.0,295.79998779296875,295.21466064453125,1032996
2018-12-04,292.5,306.3999938964844,292.5,304.375,303.7727355957031,1130864
2018-12-05,300.0,309.0,300.0,306.0249938964844,305.4194641113281,790378
2018-12-06,304.0,310.0,303.5,307.7749938964844,307.1659851074219,1286642
2018-12-07,306.5,314.0,304.54998779296875,305.67498779296875,305.07012939453125,711654
2018-12-10,300.0,304.75,289.54998779296875,294.54998779296875,293.9671325683594,461976
2018-12-11,288.25,299.25,287.0,297.82501220703125,297.2356872558594,441026
2018-12-12,299.0,314.45001220703125,298.5,307.625,307.01629638671875,800094
2018-12-13,309.5249938964844,315.5,305.04998779296875,312.4750061035156,311.856689453125,770092
2018-12-14,313.20001220703125,318.45001220703125,311.9750061035156,315.92498779296875,315.2998352050781,715168
2018-12-17,315.0,323.25,311.07501220703125,319.6000061035156,318.9676208496094,447616
2018-12-18,319.9750061035156,326.45001220703125,316.8500061035156,320.20001220703125,319.5664367675781,936500
2018-12-19,322.0,324.375,314.0,321.17498779296875,320.5394592285156,538742
2018-12-20,316.6499938964844,321.0249938964844,315.04998779296875,319.07501220703125,318.4436340332031,247698
2018-12-21,316.6499938964844,322.45001220703125,303.6000061035156,318.42498779296875,317.794921875,4400032
2018-12-24,320.875,321.82501220703125,300.54998779296875,303.2250061035156,302.625,645956
2018-12-26,301.0,301.92498779296875,291.25,296.0249938964844,295.4392395019531,589120
2018-12-27,301.3999938964844,304.20001220703125,293.0,297.7250061035156,297.1358947753906,179498
2018-12-28,300.0,301.95001220703125,283.0,291.04998779296875,290.4740905761719,1521348
2018-12-31,290.0,314.5,288.2250061035156,311.04998779296875,310.4344787597656,1333408
2019-01-01,311.04998779296875,313.2749938964844,305.20001220703125,310.9750061035156,310.3596496582031,689232
2019-01-02,307.5,312.32501220703125,305.9750061035156,310.125,309.5113220214844,332296
2019-01-03,310.1000061035156,314.1499938964844,308.07501220703125,310.67498779296875,310.06024169921875,267252
2019-01-04,310.5,317.25,309.82501220703125,311.92498779296875,311.3077697753906,660364
2019-01-07,312.5,313.0,300.75,308.17498779296875,307.565185546875,952034
2019-01-08,306.04998779296875,316.45001220703125,304.0,311.5249938964844,310.9085693359375,748528
2019-01-09,312.0,317.5,307.95001220703125,315.42498779296875,314.80084228515625,275988
2019-01-10,316.3999938964844,329.0,315.0,325.875,325.23016357421875,813416
2019-01-11,327.42498779296875,328.5,324.54998779296875,326.07501220703125,325.4298095703125,844256
2019-01-14,326.8999938964844,333.92498779296875,321.2749938964844,327.57501220703125,326.92681884765625,1746126
2019-01-15,327.70001220703125,334.4750061035156,327.70001220703125,330.1000061035156,329.4468078613281,454228
2019-01-16,331.5,332.07501220703125,322.75,324.375,323.7331237792969,393200
2019-01-17,325.75,331.0,325.5,327.5249938964844,326.8769226074219,808356
2019-01-18,312.5,320.8999938964844,303.04998779296875,311.1000061035156,310.48443603515625,1291134
2019-01-21,310.0,310.95001220703125,303.5,304.3500061035156,303.7477722167969,719336
2019-01-22,302.57501220703125,303.9750061035156,294.0,297.6499938964844,297.0610046386719,759844
2019-01-23,297.625,300.82501220703125,294.0249938964844,294.54998779296875,293.9671325683594,1804888
2019-01-24,297.5,298.92498779296875,293.0249938964844,294.07501220703125,293.4931335449219,170048
2019-01-25,291.45001220703125,299.2749938964844,291.45001220703125,294.70001220703125,294.11688232421875,320682
2019-01-28,292.54998779296875,299.95001220703125,286.04998779296875,296.125,295.5390319824219,451124
2019-01-29,297.5,299.45001220703125,293.6000061035156,296.92498779296875,296.3374328613281,994504
2019-01-30,296.20001220703125,297.3999938964844,290.79998779296875,293.3999938964844,292.8194274902344,496700
2019-01-31,295.0,297.3999938964844,290.82501220703125,292.125,291.5469665527344,515666
2019-02-01,292.79998779296875,296.8999938964844,288.0,289.7749938964844,289.2016296386719,526384
2019-02-04,289.0,291.5,282.20001220703125,286.8500061035156,286.28240966796875,444172
2019-02-05,286.95001220703125,297.5,286.95001220703125,293.7749938964844,293.1936950683594,374988
2019-02-06,294.5,302.25,290.75,301.07501220703125,300.4792785644531,510692
2019-02-07,300.0,304.92498779296875,295.0,299.0,298.4083557128906,426550
2019-02-08,299.0,299.0,290.25,293.0249938964844,292.4451599121094,288822
2019-02-11,296.8999938964844,296.8999938964844,288.2749938964844,294.4750061035156,293.8923034667969,220356
2019-02-12,292.5,293.3500061035156,288.0,288.8999938964844,288.3283386230469,223632
2019-02-14,287.82501220703125,289.8999938964844,287.25,287.9750061035156,287.4051818847656,154384
2019-02-15,288.0,291.5,287.3500061035156,287.5249938964844,286.9560546875,196820
2019-02-18,287.54998779296875,289.8999938964844,285.0,285.6000061035156,285.0348815917969,155304
2019-02-19,286.25,287.7749938964844,282.0,283.0,282.44000244140625,343910
2019-02-20,283.0,286.25,279.0,282.20001220703125,281.6416320800781,269978
2019-02-21,284.95001220703125,289.95001220703125,280.625,288.20001220703125,287.6297302246094,132520
2019-02-22,290.07501220703125,293.54998779296875,285.0,287.3999938964844,286.831298828125,385100
2019-02-25,287.0,288.8500061035156,285.0,286.82501220703125,286.2574768066406,76394
2019-02-26,284.7250061035156,288.5,280.54998779296875,284.9750061035156,284.4111328125,133864
2019-02-27,286.42498779296875,291.0,282.70001220703125,284.9750061035156,284.4111328125,153070
2019-02-28,287.0,290.45001220703125,285.0,289.79998779296875,289.2265625,157420
2019-03-01,288.32501220703125,289.875,281.0,284.79998779296875,284.2364501953125,1004966
2019-03-05,286.45001220703125,297.375,285.5249938964844,290.625,290.0499267578125,909068
2019-03-06,289.0,297.45001220703125,288.9750061035156,294.57501220703125,293.99212646484375,455978
2019-03-07,297.29998779296875,297.45001220703125,287.6499938964844,290.32501220703125,289.7505187988281,601888
2019-03-08,290.8500061035156,294.0,287.75,292.25,291.6717224121094,150584
2019-03-11,291.54998779296875,294.4750061035156,289.32501220703125,291.6499938964844,291.0729064941406,873406
2019-03-12,292.5,298.8999938964844,290.20001220703125,293.9750061035156,293.3932800292969,518046
2019-03-13,293.3999938964844,304.3999938964844,289.70001220703125,303.29998779296875,302.6998291015625,567562
2019-03-14,304.4750061035156,314.125,293.0,295.7250061035156,295.13983154296875,1239494
2019-03-15,298.0,307.9750061035156,297.5,305.45001220703125,304.8456115722656,519056
2019-03-18,305.3999938964844,305.3999938964844,293.54998779296875,295.75,295.164794921875,583264
2019-03-19,296.8999938964844,298.3500061035156,287.67498779296875,289.54998779296875,288.97705078125,1355232
2019-03-20,292.2250061035156,292.2250061035156,279.6499938964844,284.9750061035156,284.4111328125,2384952
2019-03-22,285.5,290.5,278.5,281.3999938964844,280.8431701660156,1267646
2019-03-25,279.0,280.5,275.04998779296875,275.82501220703125,275.27923583984375,1470870
2019-03-26,277.5,279.25,270.625,278.125,277.57464599609375,1367822
2019-03-27,277.54998779296875,289.25,277.54998779296875,287.2749938964844,286.70654296875,1919460
2019-03-28,289.0,295.0,284.5,294.17498779296875,293.5928955078125,614690
2019-04-01,299.29998779296875,299.7250061035156,292.7250061035156,294.54998779296875,293.9671325683594,763592
2019-04-02,295.0249938964844,307.0,293.07501220703125,305.29998779296875,304.6958923339844,714392
2019-04-03,306.5,311.0,298.0249938964844,299.42498779296875,298.8324890136719,445816
2019-04-04,300.5,303.70001220703125,292.6000061035156,300.6000061035156,300.00518798828125,295456
2019-04-05,300.1000061035156,303.0,293.5,297.375,296.7865905761719,435154
2019-04-08,298.8500061035156,302.6000061035156,290.04998779296875,291.2749938964844,290.6986083984375,333334
2019-04-09,293.5,293.7250061035156,289.07501220703125,291.42498779296875,290.84832763671875,205360
2019-04-10,292.70001220703125,296.95001220703125,291.75,292.7749938964844,292.1956481933594,431554
2019-04-11,292.0,295.875,289.0,295.125,294.541015625,430682
2019-04-12,293.5,298.5,293.4750061035156,296.0,295.414306640625,399696
2019-04-15,295.95001220703125,301.67498779296875,295.0,299.25,298.6578674316406,389510
2019-04-16,297.5,304.0,297.5,302.25,301.6519470214844,197294
2019-04-18,302.0,311.8999938964844,298.6000061035156,308.45001220703125,307.83966064453125,1916750
2019-04-22,312.25,312.25,302.0,304.07501220703125,303.47332763671875,748418
2019-04-23,309.4750061035156,310.3999938964844,302.57501220703125,304.82501220703125,304.2218322753906,1143928
2019-04-24,308.45001220703125,308.45001220703125,300.0249938964844,305.42498779296875,304.82061767578125,1172486
2019-04-25,304.0,314.8999938964844,304.0,312.54998779296875,311.9315185546875,1292218
2019-04-26,313.5,319.95001220703125,310.5249938964844,318.9750061035156,318.3438415527344,866356
2019-04-30,319.25,323.5,315.5,322.32501220703125,321.6872253417969,773294
2019-05-02,318.1000061035156,323.5,316.0,320.7749938964844,320.1402587890625,323208
2019-05-03,320.5,322.5,312.82501220703125,315.6499938964844,315.0254211425781,147660
2019-05-06,314.95001220703125,314.95001220703125,309.20001220703125,312.32501220703125,311.7070007324219,92424
2019-05-07,312.5,323.0,312.5,319.70001220703125,319.0674133300781,764382
2019-05-08,321.0,321.75,316.1000061035156,320.6499938964844,320.0155029296875,1553656
2019-05-09,320.5,321.0,313.8999938964844,315.32501220703125,314.7010803222656,160964
2019-05-10,315.9750061035156,323.5,315.9750061035156,322.5249938964844,321.88677978515625,663072
2019-05-13,320.45001220703125,326.6499938964844,316.79998779296875,323.2250061035156,322.5854187011719,1417350
2019-05-14,321.625,325.0,319.04998779296875,324.67498779296875,324.03253173828125,316284
2019-05-15,323.5,327.5,322.1499938964844,325.375,324.7311706542969,1104280
2019-05-16,324.04998779296875,329.75,318.42498779296875,320.375,319.7410583496094,301244
2019-05-17,321.42498779296875,337.5,320.5249938964844,330.0,329.3470153808594,1082820
2019-05-20,335.0249938964844,347.5,330.9750061035156,345.54998779296875,344.8662414550781,1231572
2019-05-21,349.3999938964844,354.70001220703125,343.20001220703125,348.82501220703125,348.1347961425781,398656
2019-05-22,351.0,351.0,336.5,343.6499938964844,342.9700012207031,406724
2019-05-23,346.0,352.0,337.6000061035156,348.42498779296875,347.73553466796875,362720
2019-05-24,345.6000061035156,350.04998779296875,340.0,340.95001220703125,340.2753601074219,150206
2019-05-27,341.1000061035156,345.75,335.3999938964844,338.70001220703125,338.0298156738281,272296
2019-05-28,340.0,349.5,340.0,347.3500061035156,346.6626892089844,642412
2019-05-29,349.0,356.5,347.5249938964844,349.8500061035156,349.1577453613281,973334
2019-05-30,349.0249938964844,359.5,345.79998779296875,350.125,349.43218994140625,729314
2019-05-31,351.95001220703125,351.95001220703125,345.1499938964844,348.07501220703125,347.3862609863281,174048
2019-06-03,346.32501220703125,353.95001220703125,344.6499938964844,348.17498779296875,347.48602294921875,431916
2019-06-04,347.5,353.5,346.70001220703125,349.9750061035156,349.282470703125,177594
2019-06-06,350.5,353.95001220703125,345.0,352.20001220703125,351.50311279296875,654910
2019-06-07,351.5,354.5,345.82501220703125,352.92498779296875,352.22662353515625,315610
2019-06-10,353.5,354.0,351.5,353.32501220703125,352.6258544921875,137482
2019-06-11,353.32501220703125,355.0,347.5,354.29998779296875,353.59893798828125,293736
2019-06-12,354.6499938964844,357.54998779296875,350.0,352.3999938964844,351.7026672363281,279738
2019-06-13,352.5,355.7250061035156,352.0,355.07501220703125,354.3724060058594,287294
2019-06-14,356.45001220703125,358.3500061035156,347.75,352.92498779296875,352.22662353515625,237110
2019-06-17,351.75,355.75,340.875,342.875,342.196533203125,117636
2019-06-18,345.0,351.75,340.0249938964844,342.45001220703125,341.77239990234375,228836
2019-06-19,344.5,348.5,332.79998779296875,341.70001220703125,341.02386474609375,570786
2019-06-20,341.0,342.375,335.6499938964844,336.875,336.2084045410156,269588
2019-06-21,338.29998779296875,352.45001220703125,336.70001220703125,348.32501220703125,347.6357727050781,341190
2019-06-24,348.0,356.95001220703125,343.0,346.3500061035156,345.6646423339844,479888
2019-06-25,345.04998779296875,352.45001220703125,343.0,349.375,348.68365478515625,1316840
2019-06-26,349.0,352.5,345.0,346.79998779296875,346.11376953125,116206
2019-06-27,347.0,350.0,342.3500061035156,345.5,344.81634521484375,71684
2019-06-28,345.5,354.5,345.5,352.125,351.42822265625,275442
2019-07-01,348.7749938964844,354.5,343.625,346.3999938964844,345.7145690917969,388480
2019-07-02,349.5,352.3999938964844,346.20001220703125,348.92498779296875,348.23455810546875,123174
2019-07-03,349.8999938964844,351.9750061035156,346.5,347.82501220703125,347.1367492675781,82180
2019-07-04,348.0,351.4750061035156,346.3999938964844,347.2749938964844,346.58782958984375,77580
2019-07-05,347.3999938964844,349.0,340.3999938964844,341.5,340.82427978515625,101314
2019-07-08,340.0,346.0,321.25,340.0249938964844,339.3521728515625,1283014
2019-07-09,342.3500061035156,344.5,330.0,331.8999938964844,331.2432556152344,364332
2019-07-10,332.5,339.4750061035156,323.29998779296875,328.32501220703125,327.6753234863281,754700
2019-07-11,329.0,339.0,328.5249938964844,336.32501220703125,335.6595153808594,138484
2019-07-12,336.45001220703125,340.75,332.5,333.375,332.71533203125,81868
2019-07-15,333.375,336.75,331.1000061035156,334.0249938964844,333.3640441894531,105138
2019-07-16,333.95001220703125,337.5,325.07501220703125,335.79998779296875,335.1355285644531,153002
2019-07-17,335.79998779296875,342.5,331.125,334.70001220703125,334.0377197265625,114124
2019-07-18,333.6000061035156,337.4750061035156,333.57501220703125,334.67498779296875,334.38739013671875,163624
2019-07-19,336.0,338.4750061035156,327.5,329.67498779296875,329.3916931152344,219290
2019-07-22,330.1000061035156,337.0,325.57501220703125,328.07501220703125,327.7930908203125,308540
2019-07-23,329.45001220703125,334.5,327.20001220703125,328.2749938964844,327.9928894042969,159154
2019-07-24,329.0,333.0,312.0,316.45001220703125,316.1780700683594,427470
2019-07-25,318.0,326.0,314.0,317.04998779296875,316.77752685546875,657146
2019-07-26,330.0,338.5,327.5,329.7250061035156,329.4416809082031,911268
2019-07-29,331.3500061035156,331.5,324.125,328.5249938964844,328.24267578125,2629146
2019-07-30,328.0,332.5,322.5,327.2749938964844,326.9937744140625,755292
2019-07-31,327.45001220703125,344.9750061035156,317.4750061035156,339.1499938964844,338.8585510253906,480944
2019-08-01,335.5,336.4750061035156,326.32501220703125,328.6000061035156,328.317626953125,215418
2019-08-02,327.5,338.8999938964844,325.04998779296875,334.4750061035156,334.1875915527344,198424
2019-08-05,329.9750061035156,330.95001220703125,315.75,317.32501220703125,317.0523376464844,328002
2019-08-06,311.25,330.9750061035156,311.25,329.45001220703125,329.1669006347656,1251888
2019-08-07,330.0,336.8999938964844,328.75,332.1000061035156,331.81463623046875,660668
2019-08-08,332.1000061035156,340.0,330.54998779296875,334.5249938964844,334.2375183105469,158460
2019-08-09,336.5,345.45001220703125,334.92498779296875,344.875,344.5786437988281,495248
2019-08-13,342.5,349.4750061035156,338.75,342.6000061035156,342.30560302734375,315200
2019-08-14,343.0,350.0,340.70001220703125,347.57501220703125,347.2763366699219,401024
2019-08-16,345.0,349.5,341.25,348.7250061035156,348.42535400390625,181890
2019-08-19,344.07501220703125,352.5,343.79998779296875,350.0,349.6992492675781,244276
2019-08-20,349.0,352.5,338.5,347.9750061035156,347.6759948730469,218166
2019-08-21,345.67498779296875,351.29998779296875,342.82501220703125,347.0249938964844,346.7267761230469,138290
2019-08-22,345.0,346.125,332.25,335.79998779296875,335.51141357421875,411526
2019-08-23,334.0,334.75,323.125,329.875,329.5915222167969,234592
2019-08-26,337.3500061035156,339.8999938964844,327.625,338.79998779296875,338.50885009765625,463942
2019-08-27,338.5,342.45001220703125,334.3999938964844,336.75,336.46063232421875,219570
2019-08-28,335.0,341.6499938964844,332.5249938964844,334.7250061035156,334.4373779296875,230778
2019-08-29,334.5,336.7749938964844,329.0,330.67498779296875,330.3908386230469,204694
2019-08-30,332.4750061035156,340.0,327.82501220703125,336.8500061035156,336.560546875,230802
2019-09-03,338.0,340.875,330.7250061035156,333.42498779296875,333.1384582519531,451140
2019-09-04,335.0,338.75,334.0,336.75,336.46063232421875,664672
2019-09-05,337.1000061035156,341.42498779296875,334.0,337.625,337.3348693847656,383464
2019-09-06,337.625,338.4750061035156,332.75,333.54998779296875,333.26336669921875,521582
2019-09-09,333.25,334.75,332.1000061035156,333.57501220703125,333.2883605957031,235028
2019-09-11,334.5,334.92498779296875,330.04998779296875,331.29998779296875,331.0152893066406,154804
2019-09-12,329.92498779296875,336.0,329.0,334.4750061035156,334.1875915527344,194890
2019-09-13,333.95001220703125,335.29998779296875,333.0,334.6499938964844,334.3624267578125,112514
2019-09-16,333.25,334.6499938964844,331.6499938964844,333.42498779296875,333.1384582519531,186474
2019-09-17,331.7250061035156,333.9750061035156,316.20001220703125,318.82501220703125,318.551025390625,148244
2019-09-18,322.5,329.25,320.5249938964844,326.875,326.5941162109375,290864
2019-09-19,326.5,327.45001220703125,317.5,322.3999938964844,322.1229553222656,194916
2019-09-20,326.45001220703125,331.8500061035156,319.92498779296875,322.25,321.97308349609375,3930030
2019-09-23,326.5,345.0,322.8500061035156,341.25,340.9567565917969,1151998
2019-09-24,341.5,344.8999938964844,330.0,334.9750061035156,334.6871643066406,348436
2019-09-25,334.9750061035156,334.9750061035156,307.04998779296875,322.0249938964844,321.7482604980469,10472250
2019-09-26,320.5,329.0,320.5,327.125,326.8439025878906,644680
2019-09-27,325.04998779296875,333.45001220703125,322.5,331.75,331.4649353027344,626024
2019-09-30,331.45001220703125,332.6000061035156,325.5,329.75,329.4666442871094,400130
2019-10-01,326.17498779296875,331.95001220703125,322.5,326.95001220703125,326.6690673828125,473590
2019-10-03,325.0,326.3999938964844,321.32501220703125,324.92498779296875,324.6457824707031,359662
2019-10-04,327.45001220703125,327.45001220703125,320.125,322.2749938964844,321.998046875,340300
2019-10-07,324.29998779296875,327.3999938964844,322.5,326.4750061035156,326.1944580078125,658538
2019-10-09,327.3999938964844,327.3999938964844,319.82501220703125,320.625,320.3494873046875,933852
2019-10-10,322.3500061035156,324.5,318.1499938964844,319.3500061035156,319.0755920410156,109792
2019-10-11,321.0,330.5,319.0,326.92498779296875,326.64404296875,210484
2019-10-14,328.9750061035156,331.8999938964844,320.2749938964844,321.8500061035156,321.57342529296875,407230
2019-10-15,323.0,326.5,320.5,321.7749938964844,321.49847412109375,664924
2019-10-16,323.7749938964844,337.5,321.5,323.7250061035156,323.4468078613281,671780
2019-10-17,325.0,328.0,318.8500061035156,323.92498779296875,323.6466369628906,187258
2019-10-18,325.0,333.25,320.7250061035156,327.20001220703125,326.9188537597656,1402396
2019-10-22,337.5,348.25,333.5,344.625,344.328857421875,2947334
2019-10-23,350.0,350.0,338.54998779296875,347.125,346.82672119140625,1205444
2019-10-24,349.8500061035156,349.8500061035156,330.17498779296875,340.875,340.58209228515625,1417008
2019-10-25,340.0,347.4750061035156,336.5,344.20001220703125,343.90423583984375,972118
2019-10-27,344.5,346.5249938964844,341.8500061035156,343.4750061035156,343.1798400878906,43416
2019-10-29,342.0,345.5,339.67498779296875,344.79998779296875,344.5036926269531,462752
2019-10-30,356.5,356.5,342.625,344.8999938964844,344.6036071777344,741816
2019-10-31,344.5,347.0,341.0,342.82501220703125,342.5304260253906,815868
2019-11-01,345.0,347.5,333.0249938964844,344.20001220703125,343.90423583984375,955512
2019-11-04,346.0,346.2250061035156,341.5,343.3999938964844,343.1048889160156,656082
2019-11-05,345.0,345.6000061035156,335.5,337.375,337.0850830078125,391402
2019-11-06,337.45001220703125,338.8500061035156,328.0,333.2749938964844,332.9886169433594,235388
2019-11-07,335.25,345.5,333.75,342.54998779296875,342.255615234375,717598
2019-11-08,344.5,348.5,338.0,344.75,344.4537353515625,534612
2019-11-11,344.3500061035156,360.3999938964844,342.5,359.20001220703125,358.891357421875,2811710
2019-11-13,360.0,407.45001220703125,360.0,404.07501220703125,403.727783203125,9893522
2019-11-14,405.70001220703125,424.3500061035156,388.25,418.0249938964844,417.665771484375,5395932
2019-11-15,410.0,413.3500061035156,393.8500061035156,400.3999938964844,400.055908203125,1666514
2019-11-18,401.5,406.0,396.04998779296875,400.1000061035156,399.7561950683594,455136
2019-11-19,401.0,414.5,392.5,408.7749938964844,408.4237365722656,378460
2019-11-20,415.0,415.0,398.04998779296875,408.20001220703125,407.8492431640625,484358
2019-11-21,406.45001220703125,413.8500061035156,405.0,408.5,408.1489562988281,214842
2019-11-22,411.0,411.0,398.0,401.1499938964844,400.8052673339844,746926
2019-11-25,402.45001220703125,418.20001220703125,400.0,412.70001220703125,412.3453674316406,387848
2019-11-26,414.7250061035156,414.7250061035156,399.5,401.375,401.03009033203125,458444
2019-11-27,402.95001220703125,415.0,402.5,412.6499938964844,412.29541015625,517678
2019-11-28,412.75,427.5,402.5,404.3999938964844,404.052490234375,1103078
2019-11-29,406.45001220703125,413.2749938964844,403.0,411.875,411.52105712890625,355752
2019-12-02,411.0,418.0249938964844,404.0249938964844,416.625,416.2669982910156,789258
2019-12-03,419.5,419.9750061035156,403.57501220703125,405.3999938964844,405.0516357421875,358532
2019-12-04,406.0249938964844,409.42498779296875,400.6499938964844,406.2250061035156,405.87591552734375,532106
2019-12-05,407.3999938964844,408.25,402.2749938964844,403.95001220703125,403.6028747558594,359426
2019-12-06,406.54998779296875,406.82501220703125,398.5,404.0,403.65283203125,488202
2019-12-09,404.0,409.25,400.0,404.54998779296875,404.2023620605469,396262
2019-12-10,403.0,403.8500061035156,383.625,398.875,398.5322265625,807952
2019-12-11,399.9750061035156,403.42498779296875,393.29998779296875,400.125,399.7811584472656,380228
2019-12-12,400.0,402.7749938964844,397.5,399.7749938964844,399.43145751953125,247840
2019-12-13,401.5,401.5,395.7250061035156,397.5249938964844,397.1833801269531,1250596
2019-12-16,400.04998779296875,401.9750061035156,395.82501220703125,397.6000061035156,397.2583312988281,195090
2019-12-17,399.5,400.3999938964844,395.0,398.57501220703125,398.2325134277344,194466
2019-12-18,399.0,399.0,390.5,397.1000061035156,396.7587585449219,575684
2019-12-19,395.0,398.0,395.0,397.125,396.78375244140625,147854
2019-12-20,397.1000061035156,403.95001220703125,393.5249938964844,398.75,398.4073486328125,645422
2019-12-23,398.45001220703125,398.45001220703125,395.5,396.07501220703125,395.7346496582031,112896
2019-12-24,395.0,396.45001220703125,388.625,392.25,391.9129333496094,173696
2019-12-26,394.8999938964844,414.0,392.25,410.20001220703125,409.8475341796875,495682
2019-12-27,410.20001220703125,410.20001220703125,397.5,402.04998779296875,401.7044982910156,520158
2019-12-30,400.5,405.75,397.67498779296875,401.625,401.2798767089844,188176
2019-12-31,400.0,410.95001220703125,391.3500061035156,401.54998779296875,401.2049255371094,1129878
2020-01-01,402.0,404.92498779296875,396.0,398.8500061035156,398.50726318359375,179442
2020-01-02,396.75,400.5249938964844,396.5249938964844,397.95001220703125,397.6080322265625,127214
2020-01-03,398.3999938964844,401.25,396.0,398.9750061035156,398.6321716308594,181796
2020-01-06,396.5,400.07501220703125,393.125,395.75,395.409912109375,226956
2020-01-07,396.0,404.0249938964844,394.0,400.3500061035156,400.0059814453125,5693404
2020-01-08,397.0,422.9750061035156,395.25,417.95001220703125,417.5908508300781,4936804
2020-01-09,421.875,425.5,413.17498779296875,418.17498779296875,417.8156433105469,2030328
2020-01-10,416.95001220703125,420.75,410.5,412.32501220703125,411.970703125,605170
2020-01-13,415.0,421.5,412.6000061035156,419.25,418.8897399902344,465756
2020-01-14,420.5,425.0,418.5,423.79998779296875,423.4358215332031,661510
2020-01-15,425.0249938964844,432.4750061035156,422.0249938964844,428.7250061035156,428.3565979003906,1044188
2020-01-16,429.70001220703125,442.3500061035156,429.70001220703125,438.7250061035156,438.3479919433594,1185078
2020-01-17,441.5,444.25,432.7749938964844,438.875,438.49786376953125,707678
2020-01-20,442.0,446.0,437.5,442.95001220703125,442.5693664550781,896644
2020-01-21,442.0,446.0,437.75,444.17498779296875,443.7933044433594,511040
2020-01-22,446.07501220703125,449.70001220703125,441.125,443.5249938964844,443.14385986328125,511670
2020-01-23,455.5,504.0,455.5,487.2749938964844,486.85626220703125,9957038
2020-01-24,490.0,548.9500122070312,486.0,535.3499755859375,534.8899536132812,8376792
2020-01-27,540.0,552.5,499.5,511.0249938964844,510.5858459472656,5438232
2020-01-28,504.8999938964844,525.0,502.5,521.9000244140625,521.4515380859375,1658978
2020-01-29,530.0,534.5,516.5,523.3250122070312,522.8753051757812,568136
2020-01-30,523.9749755859375,538.4249877929688,512.0,523.8250122070312,523.3748779296875,1204270
2020-01-31,527.5,536.9500122070312,520.0,532.1749877929688,531.7176513671875,843678
2020-02-03,519.0,530.0,495.5,521.9749755859375,521.5264282226562,821850
2020-02-04,525.9000244140625,530.7000122070312,522.0,525.9000244140625,525.4481201171875,521236
2020-02-05,530.0,571.375,525.4249877929688,547.8250122070312,547.354248046875,2543364
2020-02-06,552.5,557.1500244140625,540.0,546.7750244140625,546.30517578125,979448
2020-02-07,543.4500122070312,573.7999877929688,540.2750244140625,564.0499877929688,563.5653076171875,1316716
2020-02-10,565.0,569.0,550.5,562.875,562.3912963867188,853378
2020-02-11,566.5,589.0,558.5,581.4500122070312,580.9503784179688,1712572
2020-02-12,580.0,587.5,566.0,575.7750244140625,575.2802734375,854024
2020-02-13,567.5250244140625,579.0,550.5,574.125,573.6316528320312,1096040
2020-02-14,580.0,582.5750122070312,566.6749877929688,573.0250244140625,572.5325927734375,511546
2020-02-17,579.8499755859375,588.2000122070312,564.5,570.125,569.6350708007812,960400
2020-02-18,569.9500122070312,579.5,565.0,574.5750122070312,574.081298828125,1025902
2020-02-19,578.5499877929688,602.0,575.7999877929688,582.8499755859375,582.34912109375,2536736
2020-02-20,582.75,597.0999755859375,580.0,587.2999877929688,586.7952880859375,1194856
2020-02-24,585.4749755859375,595.0,573.1500244140625,579.5999755859375,579.1019287109375,1235304
2020-02-25,582.4749755859375,586.0,576.5,579.0499877929688,578.5523681640625,1687906
2020-02-26,577.5,600.5,509.54998779296875,589.4749755859375,588.9684448242188,1917984
2020-02-27,590.0,597.0499877929688,584.4749755859375,589.8250122070312,589.3181762695312,1069068
2020-02-28,582.4749755859375,590.0,570.0,581.4500122070312,580.9503784179688,2358344
2020-03-02,582.2750244140625,609.0,570.0250244140625,577.875,577.37841796875,2066294
2020-03-03,580.9749755859375,595.0,575.0,587.0999755859375,586.595458984375,1010672
2020-03-04,591.0,594.0,565.0,576.5,576.0045776367188,2841584
2020-03-05,578.5,592.4000244140625,571.625,587.3499755859375,586.8452758789062,2214102
2020-03-06,568.0,571.7000122070312,501.5,566.875,566.3878784179688,3589402
2020-03-09,552.0,556.5,521.5750122070312,531.5250244140625,531.0682983398438,2148236
2020-03-11,531.5,538.5499877929688,512.5,514.7249755859375,514.2826538085938,1428214
2020-03-12,477.7749938964844,487.5,460.0,471.67498779296875,471.2696533203125,2033132
2020-03-13,452.5,509.3999938964844,420.5,481.57501220703125,481.16119384765625,3167446
2020-03-16,469.5,494.0,440.54998779296875,460.0249938964844,459.62969970703125,3099600
2020-03-17,453.0,458.875,400.8999938964844,421.5249938964844,421.16278076171875,2731028
2020-03-18,427.5,427.5,337.2250061035156,341.9750061035156,341.68115234375,6204416
2020-03-19,308.0,332.2250061035156,277.32501220703125,310.92498779296875,310.6578063964844,5093240
2020-03-20,324.5,342.0,298.7749938964844,324.1000061035156,323.8215026855469,2121296
2020-03-23,291.70001220703125,291.70001220703125,291.70001220703125,291.70001220703125,291.4493408203125,201476
2020-03-24,262.54998779296875,272.0,262.54998779296875,262.54998779296875,262.3243713378906,1269854
2020-03-25,236.3000030517578,261.5,236.3000030517578,236.5500030517578,236.3467254638672,3774296
2020-03-26,238.0,248.375,238.0,248.375,248.16156005859375,608022
2020-03-27,260.7749938964844,260.7749938964844,260.7749938964844,260.7749938964844,260.5509033203125,1203948
2020-03-30,257.5,273.79998779296875,247.75,247.85000610351562,247.63702392578125,2390422
2020-03-31,257.5,260.2250061035156,235.47500610351562,252.6750030517578,252.45787048339844,1492644
2020-04-01,265.0,265.0,240.0500030517578,240.6750030517578,240.4681854248047,1823590
2020-04-03,241.0,241.4499969482422,229.0,232.72500610351562,232.5250244140625,1444800
2020-04-07,244.35000610351562,244.35000610351562,221.8000030517578,239.1999969482422,238.99444580078125,2402578
2020-04-08,230.60000610351562,245.0,228.5,240.14999389648438,239.94363403320312,3582114
2020-04-09,241.0,251.6999969482422,237.52499389648438,248.1999969482422,247.98670959472656,1480800
2020-04-13,249.5,255.97500610351562,238.0,249.875,249.6602783203125,3104506
2020-04-15,249.0,254.5,245.5,251.125,250.90921020507812,1296320
2020-04-16,250.0,262.0,247.5500030517578,257.04998779296875,256.8291015625,953020
2020-04-17,262.5,269.8999938964844,262.4750061035156,269.8999938964844,269.6680603027344,1461748
2020-04-20,279.5,283.375,274.5,282.8999938964844,282.6568908691406,1358246
2020-04-21,277.5,283.0,268.7749938964844,279.9750061035156,279.7344055175781,1253050
2020-04-22,277.8500061035156,282.5,266.0,266.0,265.77142333984375,665492
2020-04-23,255.5,266.5,252.6999969482422,253.125,252.90748596191406,875264
2020-04-24,248.39999389648438,263.3500061035156,243.0,259.0249938964844,258.8023986816406,1010536
2020-04-27,261.79998779296875,264.45001220703125,248.5,258.1000061035156,257.8782043457031,860904
2020-04-28,260.1499938964844,262.5,252.35000610351562,256.32501220703125,256.104736328125,1019082
2020-04-29,258.75,269.125,255.5500030517578,269.1000061035156,268.8687744140625,1018506
2020-04-30,276.95001220703125,282.54998779296875,264.125,272.125,271.8911437988281,3807484
2020-05-04,258.5249938964844,258.5249938964844,258.5249938964844,258.5249938964844,258.3028259277344,218142
2020-05-05,245.60000610351562,253.85000610351562,245.60000610351562,245.60000610351562,245.3889617919922,2073832
2020-05-06,235.8249969482422,240.3249969482422,233.3249969482422,233.3249969482422,233.12449645996094,2187060
2020-05-07,221.6750030517578,224.85000610351562,221.6750030517578,221.6750030517578,221.48451232910156,667800
2020-05-08,210.60000610351562,216.85000610351562,210.60000610351562,210.60000610351562,210.41903686523438,3648038
2020-05-11,205.3000030517578,209.5,200.0749969482422,200.0749969482422,199.90306091308594,2826698
2020-05-12,195.0,196.5,190.0749969482422,190.0749969482422,189.9116668701172,2238796
2020-05-13,199.5749969482422,199.5749969482422,199.5749969482422,199.5749969482422,199.40350341796875,976588
2020-05-14,209.5500030517578,209.5500030517578,203.52499389648438,209.5500030517578,209.36993408203125,1726814
2020-05-15,214.0,220.02499389648438,207.875,208.75,208.57061767578125,2933266
2020-05-18,212.75,213.75,198.3249969482422,198.47500610351562,198.30445861816406,2250860
2020-05-19,206.5,207.0,191.5500030517578,192.9250030517578,192.75921630859375,1168016
2020-05-20,192.5,202.5500030517578,190.52499389648438,200.85000610351562,200.6774139404297,845150
2020-05-21,205.5,210.875,201.8249969482422,210.4499969482422,210.26914978027344,1450542
2020-05-22,207.5,210.0,199.9499969482422,199.9499969482422,199.77818298339844,1601984
2020-05-26,190.0,197.39999389648438,190.0,191.5,191.33543395996094,801504
2020-05-27,191.5,199.5,183.0,196.85000610351562,196.68084716796875,1380488
2020-05-28,196.4499969482422,202.0500030517578,193.10000610351562,199.0500030517578,198.8789520263672,720474
2020-05-29,194.5,199.5,193.0500030517578,195.8000030517578,195.63174438476562,1252630
2020-06-01,200.0,205.5749969482422,200.0,205.02499389648438,204.84881591796875,4072522
2020-06-02,204.6999969482422,215.27499389648438,202.5,215.1999969482422,215.01507568359375,1311592
2020-06-03,219.0,225.9499969482422,218.5749969482422,225.9499969482422,225.75582885742188,682866
2020-06-04,237.22500610351562,237.22500610351562,222.5,236.85000610351562,236.64646911621094,5321142
2020-06-05,236.39999389648438,243.25,226.0,240.8249969482422,240.61805725097656,2698564
2020-06-08,245.0,252.85000610351562,245.0,251.5500030517578,251.33384704589844,3479568
2020-06-09,258.0,262.8500061035156,240.0,242.60000610351562,242.39154052734375,1763228
2020-06-10,242.5,250.0,241.02499389648438,243.375,243.16586303710938,2058120
2020-06-11,243.375,248.8249969482422,231.22500610351562,231.72500610351562,231.52587890625,991442
2020-06-12,220.14999389648438,242.35000610351562,220.14999389648438,237.14999389648438,236.9462127685547,1493674
2020-06-15,241.5,242.0,225.3000030517578,228.0500030517578,227.85403442382812,962740
2020-06-16,236.5,239.4499969482422,229.5,239.3000030517578,239.0943603515625,1892330
2020-06-17,238.5,241.9499969482422,230.9499969482422,234.25,234.0487060546875,854930
2020-06-18,234.9499969482422,241.0,232.52499389648438,236.9250030517578,236.72140502929688,1381688
2020-06-19,236.9250030517578,248.25,236.3000030517578,243.0749969482422,242.86611938476562,2513366
2020-06-22,247.1999969482422,255.22500610351562,245.02499389648438,255.22500610351562,255.0056915283203,2214052
2020-06-23,262.0,267.9750061035156,260.0,267.9750061035156,267.7447204589844,1214928
2020-06-24,281.3500061035156,281.3500061035156,270.1499938964844,281.3500061035156,281.1082458496094,3039624
2020-06-25,277.7749938964844,295.3999938964844,267.82501220703125,295.3999938964844,295.1461486816406,3027384
2020-06-26,300.54998779296875,309.2250061035156,282.79998779296875,286.125,285.8791198730469,1430206
2020-06-29,282.5,283.95001220703125,271.82501220703125,271.82501220703125,271.5914306640625,278938
2020-06-30,262.5,277.5,262.5,271.75,271.5164794921875,1231150
2020-07-01,275.5,284.0,271.0,279.25,279.0100402832031,731888
2020-07-02,286.8999938964844,292.0,281.3999938964844,287.7250061035156,287.4777526855469,567316
2020-07-03,294.0,294.0,276.67498779296875,283.4750061035156,283.2314147949219,506478
2020-07-06,286.5,297.625,283.8500061035156,297.625,297.3692321777344,1421568
2020-07-07,301.9750061035156,312.5,295.0,312.5,312.2314758300781,1157290
2020-07-08,321.29998779296875,328.125,305.0249938964844,323.1499938964844,322.872314453125,2778488
2020-07-09,317.45001220703125,327.5,307.5,311.57501220703125,311.3072814941406,1713778
2020-07-10,312.45001220703125,319.0,305.0,311.1499938964844,310.88262939453125,841822
2020-07-13,317.5,323.0,308.5,312.2749938964844,312.00665283203125,1392312
2020-07-14,312.2749938964844,321.0,308.5,317.92498779296875,317.65179443359375,920320
2020-07-15,320.0,322.3999938964844,311.0,315.0,314.72930908203125,1237194
2020-07-16,315.0,322.5,309.17498779296875,319.54998779296875,319.275390625,876086
2020-07-17,322.45001220703125,331.0,320.75,326.9750061035156,326.69403076171875,904520
2020-07-20,329.0,343.29998779296875,329.0,343.29998779296875,343.0049743652344,733084
2020-07-21,360.45001220703125,360.45001220703125,349.0,360.45001220703125,360.1402587890625,3177460
2020-07-22,361.0,366.92498779296875,345.0,361.20001220703125,360.8896179199219,2303698
2020-07-23,364.8999938964844,379.25,362.70001220703125,377.04998779296875,376.7259826660156,1484126
2020-07-24,382.0,395.8999938964844,378.5,395.6499938964844,395.30999755859375,5864034
2020-07-27,386.0,408.45001220703125,381.1000061035156,387.0,386.6674499511719,2293504
2020-07-28,395.0,402.4750061035156,383.32501220703125,392.82501220703125,392.4874572753906,2926052
2020-07-29,397.5,397.5,373.20001220703125,373.20001220703125,372.8793029785156,1113566
2020-07-30,371.0,374.20001220703125,354.54998779296875,354.54998779296875,354.2453308105469,2113056
2020-07-31,347.4750061035156,372.2749938964844,340.29998779296875,370.2250061035156,369.9068603515625,1535146
2020-08-03,375.0,375.0,353.5,356.7250061035156,356.41845703125,755680
2020-08-04,361.5,365.0,346.5249938964844,348.375,348.07562255859375,549382
2020-08-05,352.3999938964844,365.7749938964844,351.0249938964844,362.95001220703125,362.63812255859375,973484
2020-08-06,366.375,377.5,360.0249938964844,368.32501220703125,368.0085144042969,1081506
2020-08-07,364.04998779296875,364.8500061035156,353.5,354.75,354.4451599121094,964834
2020-08-10,357.75,359.8999938964844,350.5,351.0,350.6983642578125,535850
2020-08-11,353.70001220703125,357.04998779296875,346.67498779296875,348.4750061035156,348.1755676269531,426508
2020-08-12,350.82501220703125,365.3999938964844,347.25,362.04998779296875,361.7388610839844,895802
2020-08-13,364.95001220703125,366.45001220703125,355.5,358.32501220703125,358.01708984375,450518
2020-08-14,362.5,362.5,347.20001220703125,353.95001220703125,353.6458435058594,383570
2020-08-17,356.6499938964844,357.54998779296875,351.25,353.6000061035156,353.296142578125,277408
2020-08-18,357.0,362.8999938964844,353.5,360.0,359.6906433105469,620562
2020-08-19,365.0,372.5,360.67498779296875,365.7749938964844,365.4606628417969,1954798
2020-08-20,365.0,368.9750061035156,358.0,362.95001220703125,362.63812255859375,462276
2020-08-21,365.5,368.0,360.0,361.70001220703125,361.3891906738281,355678
2020-08-24,363.0,372.0,362.0,366.5249938964844,366.21002197265625,884976
2020-08-25,369.5,373.5,363.0,369.125,368.80780029296875,1626992
2020-08-26,370.0,370.5,363.54998779296875,366.5,366.18505859375,1163882
2020-08-27,368.04998779296875,371.79998779296875,364.04998779296875,365.2250061035156,364.9111633300781,589058
2020-08-28,367.5,381.0,366.0,368.3500061035156,368.0334777832031,2933854
2020-08-31,372.5,375.79998779296875,325.57501220703125,334.0,333.7129821777344,4176302
2020-09-01,336.0,354.92498779296875,336.0,350.5,350.1988220214844,1425614
2020-09-02,355.0,355.95001220703125,346.1499938964844,351.7749938964844,351.47271728515625,677098
2020-09-03,353.67498779296875,353.67498779296875,343.20001220703125,344.3500061035156,344.0541076660156,528330
2020-09-04,342.0,342.0,327.0249938964844,329.6499938964844,329.3667297363281,1765918
2020-09-07,331.95001220703125,331.95001220703125,316.0,325.29998779296875,325.02044677734375,1019238
2020-09-08,325.0,345.0,318.0249938964844,322.0,321.7232971191406,1917682
2020-09-09,319.95001220703125,324.0,315.54998779296875,320.7250061035156,320.44940185546875,720132
2020-09-10,324.9750061035156,332.875,321.25,328.92498779296875,328.642333984375,469356
2020-09-11,330.0,340.7250061035156,325.5,336.57501220703125,336.2857971191406,515118
2020-09-14,347.5,359.3500061035156,345.70001220703125,350.45001220703125,350.14886474609375,1833212
2020-09-15,350.5,354.2749938964844,338.75,350.04998779296875,349.7491760253906,1000598
2020-09-16,350.0,357.5,348.0,356.6499938964844,356.343505859375,939578
2020-09-17,352.5,354.70001220703125,347.5,352.45001220703125,352.14715576171875,309104
2020-09-18,357.3999938964844,368.45001220703125,353.57501220703125,363.2749938964844,362.96282958984375,1478142
2020-09-21,360.0,367.0,345.54998779296875,347.875,347.5760498046875,654362
2020-09-22,347.875,347.875,332.5,333.8999938964844,333.6130676269531,1175870
2020-09-23,334.0,338.5,323.70001220703125,327.17498779296875,326.8938293457031,1112154
2020-09-24,324.0,324.0,308.3500061035156,317.20001220703125,316.92742919921875,644782
2020-09-25,308.82501220703125,333.8500061035156,308.82501220703125,328.125,327.8430480957031,1166266
2020-09-28,332.5,338.5,329.45001220703125,333.70001220703125,333.41326904296875,699268
2020-09-29,339.5,339.5,325.0,328.17498779296875,327.8929748535156,732324
2020-09-30,330.0,333.82501220703125,323.79998779296875,327.17498779296875,326.8938293457031,581680
2020-10-01,331.54998779296875,336.3500061035156,331.0,333.0,332.7138366699219,447058
2020-10-05,335.0,342.5,333.0,335.2250061035156,334.93695068359375,674416
2020-10-06,337.5,371.8500061035156,337.5,367.2250061035156,366.9094543457031,1454950
2020-10-07,367.0,367.2250061035156,354.57501220703125,362.1000061035156,361.7888488769531,890192
2020-10-08,364.3999938964844,367.0,360.0,364.45001220703125,364.1368408203125,491966
2020-10-09,365.4750061035156,391.45001220703125,360.04998779296875,370.5,370.1816101074219,2112564
2020-10-12,372.5249938964844,379.875,362.29998779296875,366.3999938964844,366.08514404296875,791088
2020-10-13,364.95001220703125,377.67498779296875,361.8999938964844,372.6000061035156,372.2798156738281,597672
2020-10-14,370.0,375.0,357.625,368.3999938964844,368.08343505859375,1380576
2020-10-15,369.5,377.0,361.2749938964844,362.79998779296875,362.48822021484375,757604
2020-10-16,365.0,369.375,360.5249938964844,365.8999938964844,365.5855712890625,389180
2020-10-19,366.5,386.45001220703125,363.04998779296875,383.95001220703125,383.6200866699219,1402150
2020-10-20,377.5,398.45001220703125,377.5,394.2250061035156,393.88623046875,1310886
2020-10-21,395.1000061035156,404.625,375.04998779296875,386.7749938964844,386.442626953125,3562514
2020-10-22,388.0,396.5,385.29998779296875,389.4750061035156,389.14031982421875,883660
2020-10-23,394.9750061035156,398.0,390.07501220703125,394.67498779296875,394.3358459472656,424904
2020-10-26,397.17498779296875,398.5,383.92498779296875,386.2250061035156,385.89312744140625,342112
2020-10-27,386.2250061035156,396.5249938964844,376.25,394.82501220703125,394.4857177734375,636818
2020-10-28,398.5,406.0,390.32501220703125,399.67498779296875,399.33154296875,1631982
2020-10-29,398.5,404.5,386.4750061035156,391.42498779296875,391.088623046875,745876
2020-10-30,391.0,394.75,387.25,387.67498779296875,387.34185791015625,724496
2020-11-02,387.0,392.3500061035156,381.7749938964844,384.7250061035156,384.3944091796875,744738
2020-11-03,386.5,396.75,382.57501220703125,386.1000061035156,385.7682189941406,624142
2020-11-04,389.92498779296875,394.45001220703125,386.1000061035156,389.79998779296875,389.46502685546875,921176
2020-11-05,392.5,397.0,376.0,378.92498779296875,378.599365234375,905602
2020-11-06,380.5,394.92498779296875,380.5,386.1000061035156,385.7682189941406,833332
2020-11-09,391.6499938964844,414.2250061035156,390.5,404.3999938964844,404.052490234375,2278250
2020-11-10,410.0,431.0,407.4750061035156,428.70001220703125,428.3316345214844,3751542
2020-11-11,435.0,435.9750061035156,403.875,423.57501220703125,423.2110290527344,4045838
2020-11-12,424.5,435.0,408.04998779296875,413.4750061035156,413.11968994140625,1418618
2020-11-13,415.0,424.0,400.5249938964844,422.1000061035156,421.7372741699219,733104
2020-11-14,425.0,434.32501220703125,424.0,426.1499938964844,425.7837829589844,186022
2020-11-17,430.95001220703125,452.20001220703125,425.0,445.92498779296875,445.54180908203125,3863198
2020-11-18,450.45001220703125,472.75,436.0,447.92498779296875,447.5400695800781,5548206
2020-11-19,445.5,456.3999938964844,433.07501220703125,441.95001220703125,441.5702209472656,1157708
2020-11-20,442.67498779296875,449.07501220703125,435.70001220703125,439.0249938964844,438.6477355957031,631522
2020-11-23,442.5,446.375,432.7749938964844,434.82501220703125,434.45135498046875,599688
2020-11-24,442.5,445.82501220703125,435.0,437.17498779296875,436.79931640625,673496
2020-11-25,438.70001220703125,439.8999938964844,425.5,428.125,427.7571105957031,903398
2020-11-26,429.5,435.54998779296875,422.79998779296875,430.5249938964844,430.155029296875,772924
2020-11-27,437.5,442.42498779296875,413.0,419.5249938964844,419.16448974609375,1699800
2020-12-01,424.75,437.5,420.0,436.45001220703125,436.074951171875,1220234
2020-12-02,438.6000061035156,445.0,431.0,443.32501220703125,442.9440612792969,927000
2020-12-03,445.0,447.04998779296875,436.0,440.1499938964844,439.7717590332031,573344
2020-12-04,442.3999938964844,447.5,434.5,440.2250061035156,439.8467102050781,637950
2020-12-07,440.5,454.75,440.0,449.32501220703125,448.93890380859375,813648
2020-12-08,451.5,467.0,450.95001220703125,453.8999938964844,453.50994873046875,1321306
2020-12-09,457.0,462.5,453.6499938964844,459.45001220703125,459.0552062988281,651248
2020-12-10,460.04998779296875,462.5,450.67498779296875,455.5249938964844,455.133544921875,597506
2020-12-11,456.8500061035156,461.5,449.0,460.1499938964844,459.75457763671875,1032716
2020-12-14,455.0,466.0,451.0,464.7250061035156,464.3256530761719,588730
2020-12-15,462.8500061035156,464.125,452.5,461.29998779296875,460.9035949707031,464160
2020-12-16,462.45001220703125,463.45001220703125,455.04998779296875,457.8999938964844,457.5065002441406,512468
2020-12-17,457.8999938964844,475.0,455.0,471.57501220703125,471.1697692871094,898568
2020-12-18,461.9750061035156,461.9750061035156,440.25,448.5,448.1145935058594,11127804
2020-12-21,450.0,452.2250061035156,360.2250061035156,420.2250061035156,419.8638916015625,2300470
2020-12-22,421.0,440.0,411.125,428.0,427.6322021484375,1375614
2020-12-23,428.0,437.0,422.42498779296875,434.375,434.0017395019531,2601826
2020-12-24,435.0,440.0,426.54998779296875,433.92498779296875,433.5520935058594,1586958
2020-12-28,438.4750061035156,438.4750061035156,425.5,428.125,427.7571105957031,981228
2020-12-29,435.04998779296875,437.875,422.04998779296875,424.2250061035156,423.8604736328125,2171508
2020-12-30,427.5,430.0,420.82501220703125,426.2250061035156,425.8587341308594,1182792
2020-12-31,428.0,428.0,420.25,426.29998779296875,425.93365478515625,1303682
2021-01-01,427.5,440.32501220703125,423.625,437.67498779296875,437.29888916015625,1512142
2021-01-04,445.0,445.875,434.0,441.625,441.2455139160156,2693724
2021-01-05,444.7749938964844,445.0,436.25,442.32501220703125,441.9449157714844,1533304
2021-01-06,446.5,448.5,436.5,444.7749938964844,444.3927917480469,2616550
2021-01-07,446.9750061035156,450.0,440.57501220703125,444.0,443.61846923828125,1155794
2021-01-08,449.5,458.1499938964844,443.95001220703125,446.79998779296875,446.4160461425781,1975580
2021-01-11,450.42498779296875,452.25,436.75,449.7250061035156,449.33856201171875,1128786
2021-01-12,447.75,454.0,447.4750061035156,452.42498779296875,452.0362243652344,945394
2021-01-13,454.4750061035156,454.4750061035156,442.07501220703125,446.25,445.86651611328125,1460602
2021-01-14,448.20001220703125,465.75,448.20001220703125,457.0,456.6072998046875,2031400
2021-01-15,457.0,460.95001220703125,453.625,460.125,459.7296142578125,2823654
2021-01-18,460.5,461.9750061035156,440.0,444.67498779296875,444.2928771972656,3679398
2021-01-19,447.3999938964844,454.7250061035156,447.0,449.67498779296875,449.28857421875,2697278
2021-01-20,452.4750061035156,465.125,446.07501220703125,460.17498779296875,459.779541015625,1892468
2021-01-21,460.8999938964844,462.3999938964844,452.5,456.6499938964844,456.2575988769531,1954442
2021-01-22,456.79998779296875,457.17498779296875,440.54998779296875,448.29998779296875,447.9147644042969,1316030
2021-01-25,451.0,451.0,440.0,442.32501220703125,441.9449157714844,517856
2021-01-27,442.5,445.4750061035156,421.25,426.32501220703125,425.9586486816406,1131842
2021-01-28,433.0,438.5,422.5,434.8999938964844,434.5262756347656,612148
2021-01-29,440.0,443.92498779296875,431.29998779296875,436.25,435.8751220703125,2255772
2021-02-01,445.5,475.0,445.5,470.7749938964844,470.3704528808594,4617244
2021-02-02,475.2250061035156,499.5,467.5249938964844,480.3500061035156,479.9372253417969,2260392
2021-02-03,486.3999938964844,486.3999938964844,471.8500061035156,481.25,480.8364562988281,1622092
2021-02-04,484.4750061035156,489.5,470.7749938964844,482.4750061035156,482.0603942871094,1703740
2021-02-05,485.0,497.5,482.5,490.95001220703125,490.52813720703125,1494496
2021-02-08,494.8500061035156,522.5,493.75,516.1749877929688,515.7314453125,1715290
2021-02-09,519.9000244140625,540.5,519.5,531.6749877929688,531.2180786132812,1642472
2021-02-10,537.0,557.4000244140625,528.9249877929688,549.5,549.02783203125,2290110
2021-02-11,551.9500122070312,568.4749755859375,542.5250244140625,562.9500122070312,562.4662475585938,1413758
2021-02-12,562.5,562.9500122070312,527.75,549.6500244140625,549.1776733398438,1594098
2021-02-15,555.0,557.375,530.4500122070312,545.7999877929688,545.3309936523438,1182186
2021-02-16,544.5,564.0,537.6500244140625,546.375,545.905517578125,910852
2021-02-17,546.375,556.125,540.5,549.0499877929688,548.5781860351562,788810
2021-02-18,549.25,577.2000122070312,545.7249755859375,567.4000244140625,566.9124755859375,2713438
2021-02-19,561.9500122070312,565.8499755859375,541.7999877929688,554.5,554.0234985351562,1107494
2021-02-22,554.5,564.0,524.0,537.4249877929688,536.9631958007812,924766
2021-02-23,535.5,561.5999755859375,535.5,559.2249755859375,558.7444458007812,1345590
2021-02-24,572.9500122070312,598.9749755859375,570.0999755859375,593.1500244140625,592.6403198242188,1143630
2021-02-25,598.5,603.5,579.0250244140625,583.3499755859375,582.8486938476562,1272568
2021-02-26,579.0,579.2750244140625,545.2249755859375,563.25,562.7659912109375,1706028
2021-03-01,569.0,582.5250244140625,563.7999877929688,574.2249755859375,573.7315063476562,1508314
2021-03-02,579.9500122070312,587.5,570.7999877929688,575.75,575.2552490234375,820394
2021-03-03,581.2000122070312,612.5,568.2750244140625,600.4500122070312,599.9340209960938,4157400
2021-03-04,593.8250122070312,645.0,588.4000244140625,634.0,633.4552001953125,4495046
2021-03-05,637.0,646.8250122070312,615.5999755859375,630.3499755859375,629.8082885742188,2766040
2021-03-08,637.2000122070312,645.0,621.4500122070312,632.0250244140625,631.48193359375,1850242
2021-03-09,629.9749755859375,658.4749755859375,608.5,616.2750244140625,615.7454223632812,4797950
2021-03-10,627.0,634.0,601.4000244140625,626.625,626.0865478515625,2368024
2021-03-12,629.125,637.4000244140625,617.5,627.7249755859375,627.185546875,1606326
2021-03-15,624.9749755859375,625.8499755859375,589.5,594.2750244140625,593.7643432617188,2493444
2021-03-16,605.5250244140625,618.8250122070312,604.1749877929688,615.0250244140625,614.4965209960938,2241050
2021-03-17,614.5,614.5,582.1749877929688,584.9249877929688,584.42236328125,1624500
2021-03-18,598.5,605.0,574.0,582.4500122070312,581.9495239257812,2016656
2021-03-19,562.0,611.1749877929688,562.0,598.875,598.3603515625,1951116
2021-03-22,604.5,617.375,597.5,611.4500122070312,610.924560546875,1516070
2021-03-23,617.5,635.9500122070312,610.1749877929688,622.6500244140625,622.114990234375,2572168
2021-03-24,618.0,626.8250122070312,607.5,612.7999877929688,612.2733764648438,1545916
2021-03-25,614.9749755859375,614.9749755859375,567.5499877929688,575.25,574.7556762695312,2427582
2021-03-26,582.25,597.9500122070312,574.375,589.25,588.74365234375,1737178
2021-03-30,599.9749755859375,677.2000122070312,582.5,649.4500122070312,648.8919067382812,15301252
2021-03-31,640.0,641.5250244140625,608.2249755859375,613.9249877929688,613.3973999023438,3861914
2021-04-01,625.0,639.0,607.5,633.9500122070312,633.4052734375,2174106
2021-04-05,631.0,632.0,608.5250244140625,614.25,613.72216796875,1744942
2021-04-06,615.5,627.0,600.625,611.5499877929688,611.0244750976562,1312928
2021-04-07,611.5250244140625,628.7249755859375,600.0750122070312,616.5750122070312,616.045166015625,1649224
2021-04-08,619.4749755859375,632.5,617.0,625.9500122070312,625.412109375,1928416
2021-04-09,625.0,625.0,585.0250244140625,587.25,586.745361328125,3644778
2021-04-12,576.5,576.5,512.7249755859375,538.25,537.7874755859375,4781980
2021-04-13,538.25,552.9500122070312,517.4249877929688,540.4000244140625,539.9356689453125,4907432
2021-04-15,540.4000244140625,552.0,520.0,527.7249755859375,527.271484375,4665216
2021-04-16,530.0,549.75,530.0,538.5499877929688,538.0872192382812,2265092
2021-04-19,517.5,517.5,486.6499938964844,507.92498779296875,507.488525390625,4285190
2021-04-20,512.5,527.5,510.0,520.6500244140625,520.20263671875,2956612
2021-04-22,505.0,554.4749755859375,502.5,547.2249755859375,546.7547607421875,3457122
2021-04-23,544.9249877929688,564.25,526.6500244140625,537.75,537.2879028320312,4514366
2021-04-26,540.5,548.0,522.5,525.75,525.2982177734375,4606752
2021-04-27,524.9749755859375,548.4749755859375,519.0,542.9000244140625,542.4334716796875,3171274
2021-04-28,547.5,579.5,535.8250122070312,574.4000244140625,573.9064331054688,4286394
2021-04-29,572.5,586.0,557.5,562.25,561.766845703125,5227672
2021-04-30,536.0,542.0,497.5249938964844,502.1499938964844,501.7184753417969,13914750
2021-05-03,474.5,475.0,457.125,462.0249938964844,461.6279602050781,13918522
2021-05-04,470.0,478.7250061035156,456.29998779296875,457.75,457.3566589355469,7028910
2021-05-05,465.0,476.2250061035156,455.0,471.0249938964844,470.6202392578125,9157548
2021-05-06,475.5,486.0,467.375,478.4750061035156,478.0638427734375,4708810
2021-05-07,472.5,476.625,462.45001220703125,464.42498779296875,464.0259094238281,3623924
2021-05-10,472.0,475.45001220703125,467.5,473.375,472.9682312011719,2393210
2021-05-11,467.0,489.07501220703125,465.25,484.875,484.4583435058594,3751410
2021-05-12,480.0,482.5,473.45001220703125,477.375,476.96478271484375,2541974
2021-05-14,482.5,486.75,470.57501220703125,473.375,472.9682312011719,2055776
2021-05-17,477.25,477.25,464.25,471.04998779296875,470.64520263671875,3407218
2021-05-18,478.0,495.2749938964844,475.54998779296875,493.29998779296875,492.8760986328125,4482588
2021-05-19,492.5,498.92498779296875,485.5,491.7250061035156,491.3024597167969,2724008
2021-05-20,490.0,494.67498779296875,479.2749938964844,480.04998779296875,479.6374816894531,2374412
2021-05-21,480.04998779296875,494.4750061035156,480.0249938964844,490.25,489.8287048339844,2339704
2021-05-24,492.5,494.92498779296875,485.125,489.20001220703125,488.7796325683594,1664390
2021-05-25,491.5,491.95001220703125,480.1499938964844,481.8999938964844,481.48590087890625,1440724
2021-05-26,485.0,486.5,476.0,481.5249938964844,481.1112060546875,2072998
2021-05-27,484.0,497.0,482.07501220703125,491.1499938964844,490.7279357910156,3055092
2021-05-28,495.0,504.0,491.0,497.7250061035156,497.29730224609375,4036076
2021-05-31,499.375,500.0,489.82501220703125,494.2749938964844,493.8502502441406,1483674
2021-06-01,495.0,497.3999938964844,488.0,494.54998779296875,494.125,1087324
2021-06-02,493.5,507.4750061035156,492.5249938964844,504.8999938964844,504.46612548828125,1214768
2021-06-03,510.0,512.2000122070312,499.20001220703125,503.3500061035156,502.91748046875,1496266
2021-06-04,503.0,510.1499938964844,498.70001220703125,500.9750061035156,500.54449462890625,1394052
2021-06-07,504.3999938964844,514.9249877929688,503.0,511.04998779296875,510.61083984375,1192896
2021-06-08,514.5,514.5499877929688,501.5249938964844,503.7749938964844,503.34210205078125,959358
2021-06-09,503.3999938964844,510.0,490.625,497.8999938964844,497.4721374511719,1984592
2021-06-10,500.0,500.625,490.0,496.2749938964844,495.8485412597656,1555710
2021-06-11,498.0,531.8499755859375,498.0,523.0250244140625,522.5755615234375,7105688
2021-06-14,525.0,539.75,505.7749938964844,535.0,534.540283203125,4978312
2021-06-15,539.8250122070312,543.7999877929688,528.6500244140625,530.6749877929688,530.218994140625,2131360
2021-06-16,532.0,532.5999755859375,518.0999755859375,520.25,519.8029174804688,985260
2021-06-17,514.0,528.1749877929688,503.67498779296875,513.1500244140625,512.7090454101562,2451212
2021-06-18,513.9500122070312,524.9749755859375,503.82501220703125,513.8250122070312,513.3834838867188,2959710
2021-06-21,508.9750061035156,530.8499755859375,502.375,526.7000122070312,526.2474365234375,2042136
2021-06-22,532.5499877929688,536.6749877929688,512.5,515.125,514.682373046875,2402508
2021-06-23,516.5750122070312,523.5750122070312,507.25,508.57501220703125,508.1379699707031,1221118
2021-06-24,512.5,517.5,503.29998779296875,505.07501220703125,504.6409912109375,1929386
2021-06-25,509.7749938964844,520.1500244140625,508.1000061035156,517.7999877929688,517.3550415039062,1451910
2021-06-28,520.0,528.0,514.5,525.2249755859375,524.7736206054688,1324100
2021-06-29,526.75,542.7750244140625,520.0,538.6500244140625,538.1871337890625,4420136
2021-06-30,540.0999755859375,541.75,516.0,517.9249877929688,517.4799194335938,3223154
2021-07-01,521.0,522.4500122070312,510.0249938964844,511.32501220703125,510.8856201171875,1801982
2021-07-02,512.0,521.0999755859375,512.0,519.4249877929688,518.9786376953125,1452020
2021-07-05,522.4749755859375,523.75,510.875,515.1749877929688,514.7322998046875,1312836
2021-07-06,528.0,571.375,528.0,557.1500244140625,556.6712646484375,17155380
2021-07-07,554.5,566.5,545.5,562.5,562.0166625976562,3085508
2021-07-08,557.5,576.7000122070312,555.875,570.7000122070312,570.2095947265625,3931060
2021-07-09,570.5,600.0,565.7249755859375,597.3499755859375,596.836669921875,6379062
2021-07-12,595.4749755859375,603.25,588.0,594.0,593.4895629882812,3577368
2021-07-13,598.0,601.0,589.0250244140625,590.8499755859375,590.3422241210938,1555932
2021-07-14,590.5,598.6500244140625,590.0,595.9000244140625,595.387939453125,1123442
2021-07-15,596.0,630.0,595.25,624.2000122070312,623.6636352539062,3966354
2021-07-16,625.75,627.5,611.0750122070312,613.7249755859375,613.1975708007812,1111842
2021-07-19,609.9500122070312,617.75,588.0,604.2249755859375,603.7057495117188,1575676
2021-07-20,603.9500122070312,613.5,578.5499877929688,580.9000244140625,580.4008178710938,2574542
2021-07-22,585.75,609.8499755859375,573.7750244140625,577.25,576.7539672851562,3750494
2021-07-23,582.5,587.0,573.0250244140625,582.875,582.3741455078125,1957972
2021-07-26,587.0,595.5,578.9000244140625,589.75,589.2432250976562,2438558
2021-07-27,589.5,600.9749755859375,588.0250244140625,597.4249877929688,596.91162109375,2310100
2021-07-28,597.5,597.5,566.5250244140625,587.0750122070312,586.570556640625,2174688
2021-07-29,592.75,600.5,585.8250122070312,596.8250122070312,596.3121337890625,1326572
2021-07-30,598.0,611.6749877929688,585.5999755859375,609.8499755859375,609.325927734375,2536790
2021-08-02,614.5,616.25,603.1500244140625,611.8499755859375,611.32421875,2742366
2021-08-03,610.5,620.0,596.8250122070312,599.9749755859375,599.4594116210938,1845392
2021-08-04,608.5,626.0999755859375,601.4500122070312,621.5499877929688,621.015869140625,4389548
2021-08-05,623.0,629.2999877929688,610.0,620.0499877929688,619.5171508789062,3006188
2021-08-06,619.9749755859375,642.0,605.6749877929688,624.4000244140625,623.8634643554688,8251438
2021-08-09,625.125,635.5999755859375,616.0499877929688,632.375,631.8316040039062,3627644
2021-08-10,632.5,660.0,631.0250244140625,652.0,651.439697265625,5077426
2021-08-11,655.0,656.2249755859375,629.5750122070312,644.1749877929688,643.6214599609375,2131818
2021-08-12,644.9500122070312,664.4000244140625,641.0,661.7999877929688,661.2312622070312,1923310
2021-08-13,660.0,668.2999877929688,651.5250244140625,663.2249755859375,662.655029296875,1794282
2021-08-16,667.1500244140625,670.0,658.5250244140625,665.4749755859375,664.9031372070312,1469206
2021-08-17,667.5,681.75,660.75,675.0999755859375,674.5198364257812,2880214
2021-08-18,680.25,689.75,664.875,669.5,668.9246826171875,2307842
2021-08-20,665.0,667.0,640.7999877929688,650.6749877929688,650.1158447265625,1966886
2021-08-23,657.375,662.5,638.75,647.0,646.4440307617188,1481708
2021-08-24,652.5,694.9249877929688,645.0,679.875,679.290771484375,4282230
2021-08-25,679.875,684.0,665.2000122070312,675.1500244140625,674.56982421875,1746510
2021-08-26,675.2999877929688,690.9749755859375,667.5,676.6500244140625,676.0685424804688,3004486
2021-08-27,676.6500244140625,680.9500122070312,629.0,642.75,642.1976928710938,3174062
2021-08-30,627.5,654.5,623.125,647.4500122070312,646.8936157226562,4684786
2021-08-31,651.0,653.5999755859375,525.5750122070312,565.375,564.88916015625,26080586
2021-09-01,586.0,604.2999877929688,559.0750122070312,578.0499877929688,577.5532836914062,19172322
2021-09-02,580.0,595.0,565.5,586.2000122070312,585.6962890625,5914976
2021-09-03,590.0250244140625,606.5,575.5750122070312,584.9500122070312,584.4473266601562,7401602
2021-09-06,584.9749755859375,594.2999877929688,573.1500244140625,583.7249755859375,583.223388671875,2457076
2021-09-07,586.9249877929688,590.9500122070312,575.75,581.7999877929688,581.300048828125,2659654
2021-09-08,585.4500122070312,594.4749755859375,576.7999877929688,590.5,589.9925537109375,2051444
2021-09-09,586.0,592.4749755859375,585.0,586.875,586.3706665039062,1379996
2021-09-13,586.875,586.875,572.9500122070312,575.2000122070312,574.7057495117188,2798596
2021-09-14,575.0,583.4749755859375,562.0250244140625,567.0,566.5127563476562,3691422
2021-09-15,568.0,577.25,566.0,567.9500122070312,567.4619750976562,2294956
2021-09-16,573.0750122070312,580.6500244140625,564.5,576.5750122070312,576.0795288085938,2464466
2021-09-17,577.5,581.5,545.2999877929688,558.2000122070312,557.7203369140625,4457012
2021-09-20,549.4500122070312,565.0,542.5,551.625,551.1510009765625,2150348
2021-09-21,552.5,560.0,535.9249877929688,542.4249877929688,541.9588623046875,3860266
2021-09-22,546.375,551.2999877929688,540.0,542.5,542.0338134765625,2872384
2021-09-23,546.9000244140625,564.1500244140625,544.0,551.7750244140625,551.3009033203125,2972174
2021-09-24,557.0,562.2000122070312,532.9500122070312,535.875,535.4144897460938,2060320
2021-09-27,540.0,567.0,530.5,562.0999755859375,561.616943359375,4006234
2021-09-28,564.9749755859375,571.8499755859375,553.3250122070312,563.7999877929688,563.3154907226562,3201270
2021-09-29,562.5,589.5,556.25,579.4500122070312,578.9520874023438,7652860
2021-09-30,581.2999877929688,594.2999877929688,577.5,582.125,581.624755859375,4623200
2021-10-01,580.0,594.0,560.0,591.9749755859375,591.46630859375,2352386
2021-10-04,592.0,601.5499877929688,592.0,594.7000122070312,594.18896484375,1668462
2021-10-05,592.5,607.8499755859375,585.5,606.5,605.9788208007812,2303834
2021-10-06,622.4000244140625,630.0,598.4000244140625,601.5499877929688,601.0330810546875,6124484
2021-10-07,611.0250244140625,611.0250244140625,599.5,602.9500122070312,602.431884765625,1637240
2021-10-08,605.5,618.0,604.25,608.6749877929688,608.1519165039062,2124984
2021-10-11,611.0,615.4249877929688,604.0,605.9249877929688,605.404296875,889294
2021-10-12,605.9000244140625,613.9749755859375,600.0,608.0,607.4775390625,1542138
2021-10-13,612.5,619.9749755859375,603.1500244140625,603.875,603.3560791015625,1605146
2021-10-14,609.0,613.75,594.125,596.3499755859375,595.8375244140625,1471172
2021-10-18,605.9000244140625,617.4249877929688,595.0,611.9500122070312,611.4241333007812,2265824
2021-10-19,612.5,617.0250244140625,587.5,591.1749877929688,590.6669921875,1598562
2021-10-20,592.5,594.1749877929688,575.0,578.625,578.1277465820312,1082584
2021-10-21,578.9749755859375,599.2750244140625,572.0750122070312,590.0999755859375,589.5928955078125,1584898
2021-10-22,592.5,608.9749755859375,586.0,607.2000122070312,606.67822265625,2369426
2021-10-25,610.0,614.5,590.0499877929688,601.2249755859375,600.7083129882812,1715806
2021-10-26,603.9249877929688,634.2249755859375,603.9249877929688,630.4749755859375,629.9331665039062,4529824
2021-10-27,634.0,641.5,626.125,633.875,633.330322265625,2412010
2021-10-28,635.5,649.75,607.9249877929688,613.7999877929688,613.2725219726562,2790810
2021-10-29,615.0,642.0,565.9749755859375,608.1749877929688,607.65234375,4320740
2021-11-01,617.2000122070312,617.4500122070312,597.0,603.4500122070312,602.9314575195312,1433956
2021-11-02,607.8499755859375,630.9249877929688,604.75,622.5750122070312,622.0400390625,2561750
2021-11-03,625.0,630.2750244140625,598.5250244140625,605.5250244140625,605.0046997070312,1436236
2021-11-04,609.5,613.625,609.5,611.7999877929688,611.2742309570312,151860
2021-11-08,612.5,626.4500122070312,599.0,622.25,621.7152709960938,1007412
2021-11-09,625.0,626.5,615.9000244140625,619.75,619.2174072265625,1082664
2021-11-10,619.5,624.8499755859375,603.5499877929688,604.9749755859375,604.455078125,1073816
2021-11-11,607.875,609.4749755859375,597.5,600.7000122070312,600.183837890625,1282718
2021-11-12,603.4000244140625,612.0,600.5250244140625,608.1500244140625,607.62744140625,891538
2021-11-15,605.0,614.5,602.0999755859375,605.2249755859375,604.7048950195312,706618
2021-11-16,606.0,624.0,603.7999877929688,621.0250244140625,620.4913940429688,1125662
2021-11-17,621.0,627.4249877929688,615.0999755859375,622.3499755859375,621.815185546875,2055564
2021-11-18,625.7249755859375,625.7249755859375,601.5250244140625,607.125,606.603271484375,1479544
2021-11-22,610.5,615.375,587.0250244140625,595.625,595.1131591796875,2367468
2021-11-23,587.5,610.0,587.5,600.1749877929688,599.6592407226562,2023810
2021-11-24,601.5,610.4749755859375,596.0,602.4000244140625,601.8823852539062,611540
2021-11-25,611.8499755859375,621.625,591.0,595.4749755859375,594.9632568359375,1894504
2021-11-26,594.5,595.8250122070312,559.5,563.9500122070312,563.4653930664062,1786996
2021-11-29,559.0,559.5750122070312,540.0250244140625,551.5750122070312,551.1010131835938,1388386
2021-11-30,552.5,568.0,542.0250244140625,548.0499877929688,547.5790405273438,1489166
2021-12-01,550.5250244140625,564.5,548.4749755859375,561.9249877929688,561.442138671875,1198578
2021-12-02,562.5,567.5,555.0750122070312,565.7249755859375,565.2388305664062,770528
2021-12-03,566.0,576.4749755859375,546.25,568.1749877929688,567.686767578125,1474378
2021-12-06,571.0,572.0,556.0750122070312,559.9249877929688,559.44384765625,779122
2021-12-07,564.5,576.0,555.5250244140625,562.3499755859375,561.8667602539062,1389422
2021-12-08,569.5,582.7750244140625,564.5250244140625,580.0999755859375,579.6015014648438,1362088
2021-12-09,581.5,591.25,579.3250122070312,582.5750122070312,582.0744018554688,1251074
2021-12-10,583.5,585.5,573.125,579.9749755859375,579.4765625,960950
2021-12-13,583.0,590.4749755859375,572.1500244140625,580.1500244140625,579.6514892578125,878692
2021-12-14,582.4249877929688,592.25,575.0,584.4500122070312,583.94775390625,1368224
2021-12-15,587.5999755859375,597.5,576.8250122070312,578.25,577.7531127929688,1579372
2021-12-16,583.0,591.2249755859375,570.2000122070312,573.7750244140625,573.281982421875,1433492
2021-12-17,574.9500122070312,579.1500244140625,549.5250244140625,554.5,554.0234985351562,4305298
2021-12-20,531.5,549.9000244140625,492.625,499.75,499.320556640625,6018086
2021-12-21,500.57501220703125,531.625,498.1499938964844,518.2999877929688,517.8546142578125,4676908
2021-12-22,518.2999877929688,525.9249877929688,510.70001220703125,513.5499877929688,513.1087036132812,1653732
2021-12-23,522.5,530.0,511.32501220703125,522.4249877929688,521.97607421875,1713196
2021-12-24,522.5,525.1500244140625,509.125,513.875,513.4334106445312,1188550
2021-12-27,504.0,514.9000244140625,462.5,502.6000061035156,502.1681213378906,4667600
2021-12-28,509.5,511.2749938964844,491.0,493.04998779296875,492.6263122558594,2799888
2021-12-29,494.0,508.20001220703125,487.17498779296875,505.57501220703125,505.14056396484375,2573164
2021-12-30,503.0,530.7000122070312,500.0,521.6749877929688,521.2266845703125,6011386
2021-12-31,515.0,527.2249755859375,514.1500244140625,518.25,517.8046875,1480180
2022-01-03,519.9500122070312,543.25,519.9500122070312,532.6500244140625,532.1923217773438,3023554
2022-01-04,536.2750244140625,552.4000244140625,535.9749755859375,547.9500122070312,547.4791259765625,2864674
2022-01-05,567.9749755859375,624.7000122070312,558.0750122070312,584.6749877929688,584.1725463867188,20462010
2022-01-06,579.5,594.0,570.625,583.5250244140625,583.0235595703125,4974210
2022-01-07,587.5,614.5,585.6500244140625,610.5,609.9754028320312,6152482
2022-01-10,616.4000244140625,623.25,611.0750122070312,617.1749877929688,616.6446533203125,3429352
2022-01-11,621.0,654.4000244140625,617.5,649.4000244140625,648.8419799804688,7435854
2022-01-12,655.9000244140625,657.0250244140625,643.375,648.6500244140625,648.0926513671875,3024856
2022-01-13,647.5,659.8499755859375,646.0250244140625,654.2000122070312,653.6378173828125,2393052
2022-01-14,651.25,651.25,629.5,631.2000122070312,630.6575927734375,2263236
2022-01-17,631.2000122070312,642.4749755859375,629.8250122070312,636.9500122070312,636.4026489257812,1494092
2022-01-18,636.9000244140625,657.2000122070312,625.0,629.1500244140625,628.609375,3480788
2022-01-19,631.75,639.8499755859375,621.2750244140625,632.0750122070312,631.5318603515625,2010484
2022-01-20,633.4500122070312,638.5,624.7999877929688,627.0250244140625,626.4862060546875,2234940
2022-01-21,623.9249877929688,635.3250122070312,615.0999755859375,628.3499755859375,627.8099975585938,1739486
2022-01-24,628.3499755859375,634.6500244140625,609.4000244140625,614.75,614.2217407226562,1649384
2022-01-25,612.3499755859375,631.4749755859375,601.0,623.2249755859375,622.689453125,2314474
2022-01-27,617.5,642.2000122070312,613.5999755859375,637.8499755859375,637.3018798828125,3623976
2022-01-28,644.8499755859375,650.0,630.2000122070312,635.7750244140625,635.2286987304688,2511440
2022-01-31,635.0,669.0,630.375,654.7750244140625,654.2123413085938,6266560
2022-02-01,662.0,678.5,650.5499877929688,673.5,672.9212646484375,3775208
2022-02-02,675.0,702.0250244140625,673.5,698.4000244140625,697.7998657226562,4516994
2022-02-03,697.5,710.5,685.5250244140625,690.4249877929688,689.8316650390625,2977552
2022-02-04,692.25,694.9249877929688,666.7999877929688,671.9500122070312,671.3726196289062,1762798
2022-02-07,675.7000122070312,682.0,659.2000122070312,669.5,668.9246826171875,1921966
2022-02-08,673.0,680.625,651.5,667.1749877929688,666.6016845703125,2095414
2022-02-09,671.4500122070312,686.8250122070312,669.0,683.4500122070312,682.8627319335938,1608584
2022-02-10,684.0,691.9249877929688,678.5,688.9749755859375,688.3829345703125,1508618
2022-02-11,683.5,688.9749755859375,658.0,660.1500244140625,659.582763671875,1677724
2022-02-14,645.0999755859375,650.0,623.6749877929688,626.875,626.3363037109375,1723900
2022-02-15,627.5,658.5,621.5,653.5499877929688,652.9884033203125,1462732
2022-02-16,653.5499877929688,657.375,635.5499877929688,638.2249755859375,637.676513671875,1554850
2022-02-17,638.0499877929688,646.5,626.0499877929688,634.8250122070312,634.2794799804688,1626704
2022-02-18,632.5,640.0,626.5,630.5499877929688,630.0081176757812,1083516
2022-02-21,630.5499877929688,638.4249877929688,621.7750244140625,631.0250244140625,630.4827880859375,973058
2022-02-22,623.5,632.5,613.0999755859375,630.5,629.9581909179688,1526056
2022-02-23,637.0,645.0,631.0,636.7249755859375,636.1777954101562,1224002
2022-02-24,615.0,632.4500122070312,582.5,589.7750244140625,589.2681884765625,2616926
2022-02-25,597.9749755859375,622.9000244140625,595.9249877929688,617.3499755859375,616.8194580078125,1743226
2022-02-28,614.0,615.0,592.9000244140625,601.7999877929688,601.2828369140625,2236010
2022-03-02,592.5,610.5,584.5250244140625,604.6749877929688,604.1553955078125,2434242
2022-03-03,607.0499877929688,612.1749877929688,574.0,579.0750122070312,578.577392578125,3038270
2022-03-04,577.0,580.9749755859375,557.5,562.5250244140625,562.0416259765625,2190426
2022-03-07,534.4000244140625,548.9749755859375,525.9249877929688,532.4500122070312,531.9924926757812,3253850
2022-03-08,525.5,553.0999755859375,525.0,549.1749877929688,548.7030639648438,2751556
2022-03-09,555.0,575.0,540.7999877929688,572.5499877929688,572.0579833984375,2433296
2022-03-10,586.0,597.5,575.2999877929688,581.0499877929688,580.5506591796875,3223206
2022-03-11,575.0,598.0,573.0250244140625,596.5250244140625,596.0123901367188,2531178
2022-03-14,597.9500122070312,601.9749755859375,538.0499877929688,560.5499877929688,560.0682983398438,5538038
2022-03-15,566.25,591.0,565.5750122070312,584.75,584.2474975585938,3947152
2022-03-16,590.0,597.4500122070312,580.8250122070312,589.4249877929688,588.91845703125,3214070
2022-03-17,600.0,602.5,579.875,581.7000122070312,581.2001342773438,2284234
2022-03-21,590.0,591.9249877929688,570.0,588.875,588.3689575195312,2554532
2022-03-22,588.875,599.8499755859375,582.0250244140625,598.0250244140625,597.5111083984375,1763570
2022-03-23,600.5250244140625,620.2750244140625,600.5250244140625,617.875,617.3440551757812,3682644
2022-03-24,616.0,629.4249877929688,612.5,620.7249755859375,620.1915893554688,2157018
2022-03-25,623.0750122070312,625.7750244140625,598.9249877929688,603.0,602.4818115234375,1813510
2022-03-28,608.0,612.4000244140625,600.625,607.375,606.8530883789062,1626170
2022-03-29,612.2999877929688,615.25,602.3250122070312,607.8250122070312,607.3026733398438,1200232
2022-03-30,610.4000244140625,617.7999877929688,596.75,601.0999755859375,600.5834350585938,3058516
2022-03-31,605.0,625.0,603.0750122070312,623.125,622.5895385742188,2013130
2022-04-01,619.5,645.0,617.5,643.7750244140625,643.2218017578125,2654250
2022-04-04,643.7750244140625,658.75,636.1749877929688,654.3499755859375,653.7876586914062,1931408
2022-04-05,669.5,672.0,649.0,657.4249877929688,656.8600463867188,2714370
2022-04-06,657.2000122070312,670.0,650.6749877929688,668.2000122070312,667.6257934570312,2881648
2022-04-07,659.5999755859375,689.8250122070312,659.5999755859375,681.0,680.414794921875,2603620
2022-04-08,683.0,702.9749755859375,683.0,694.5,693.9031982421875,3042498
2022-04-11,694.9500122070312,708.4500122070312,688.2000122070312,698.5999755859375,697.9996337890625,1738134
2022-04-12,699.0,703.3499755859375,688.0,700.4749755859375,699.873046875,2759828
2022-04-13,702.9000244140625,714.75,698.5,701.4000244140625,700.7973022460938,2800716
2022-04-18,695.0250244140625,701.4000244140625,682.0,690.0999755859375,689.5069580078125,3003826
2022-04-19,701.0,729.875,697.5499877929688,710.25,709.6396484375,9170498
2022-04-20,710.2000122070312,723.0,703.5250244140625,710.125,709.5147705078125,3416344
2022-04-21,717.0,732.9749755859375,711.5,717.5250244140625,716.908447265625,2188594
2022-04-22,715.9000244140625,715.9000244140625,681.5750122070312,685.8499755859375,685.2606201171875,3423786
2022-04-25,682.5,692.5999755859375,670.4249877929688,684.4749755859375,683.8867797851562,2078930
2022-04-26,692.2249755859375,710.5750122070312,689.3499755859375,707.7750244140625,707.1668090820312,2523176
2022-04-27,702.5,702.5,670.0,681.4749755859375,680.8893432617188,5528720
2022-04-28,695.0,707.5,684.2750244140625,704.2000122070312,703.5948486328125,3154478
2022-04-29,710.0,712.0,687.2750244140625,695.0250244140625,694.4277954101562,1739726
2022-05-02,691.4000244140625,695.2000122070312,678.0250244140625,685.5499877929688,684.9608764648438,2070924
2022-05-04,694.5,697.1500244140625,657.5250244140625,663.5250244140625,662.954833984375,2184686
2022-05-05,674.5,682.5499877929688,664.5,675.0499877929688,674.4699096679688,1864370
2022-05-06,650.0,669.9749755859375,637.8499755859375,658.2249755859375,657.6593627929688,2431816
2022-05-09,655.0,656.9500122070312,636.2999877929688,639.5999755859375,639.0503540039062,1800792
2022-05-10,633.25,648.5,630.0,631.3499755859375,630.8074340820312,2134714
2022-05-11,638.4500122070312,641.4000244140625,616.7999877929688,637.5999755859375,637.0520629882812,2099144
2022-05-12,631.9500122070312,634.9749755859375,608.4000244140625,619.5250244140625,618.99267578125,3019552
2022-05-13,645.0,663.1749877929688,641.125,646.8250122070312,646.2691650390625,8256280
2022-05-16,655.0,660.2999877929688,642.6500244140625,653.0999755859375,652.5387573242188,2467244
2022-05-17,662.5,662.5,653.25,657.7000122070312,657.1348266601562,2158594
2022-05-18,664.5,668.375,640.0,641.5250244140625,640.9737548828125,2304192
2022-05-19,627.5,636.4000244140625,625.0,630.1500244140625,629.6085205078125,2647410
2022-05-20,640.0,657.5,637.0499877929688,655.0999755859375,654.5370483398438,2417282
2022-05-23,661.0,677.5,658.0,669.9749755859375,669.3992309570312,3019164
2022-05-24,669.9000244140625,676.4500122070312,654.5250244140625,661.7000122070312,661.1314086914062,3137550
2022-05-25,661.4500122070312,666.9500122070312,638.0,644.4249877929688,643.8712158203125,2394842
2022-05-26,649.75,666.625,647.5,660.75,660.1821899414062,2689048
2022-05-27,669.4500122070312,670.0,652.1500244140625,656.2000122070312,655.6361083984375,2785788
2022-05-30,659.0499877929688,668.75,645.2999877929688,648.0250244140625,647.4681396484375,1381314
2022-05-31,647.9500122070312,653.6749877929688,614.7999877929688,625.6749877929688,625.1373291015625,17460496
2022-06-01,638.0999755859375,647.5750122070312,629.875,643.125,642.5723266601562,2025758
2022-06-02,649.2999877929688,654.0,639.2249755859375,650.9500122070312,650.390625,1196040
2022-06-03,654.5,660.2750244140625,628.2249755859375,631.4000244140625,630.857421875,2137620
2022-06-06,633.5,639.625,628.0,634.0750122070312,633.5301513671875,1947938
2022-06-07,633.75,642.2999877929688,629.0999755859375,635.0750122070312,634.529296875,1673398
2022-06-08,641.375,643.875,626.0,629.2249755859375,628.6842651367188,3731768
2022-06-09,634.9000244140625,637.0,606.0,613.3499755859375,612.8229370117188,2314345
2022-06-10,609.9500122070312,613.7999877929688,599.5,603.0499877929688,602.5317993164062,1569736
2022-06-13,590.0,594.9500122070312,580.0999755859375,587.9500122070312,587.4447631835938,3029043
2022-06-14,579.2000122070312,610.0,579.2000122070312,602.9500122070312,602.431884765625,3072334
2022-06-15,609.5,630.0,603.1500244140625,627.4000244140625,626.8609008789062,2533624
2022-06-16,634.4000244140625,641.5,613.25,624.6500244140625,624.1132202148438,2249696
2022-06-17,618.5,629.7999877929688,609.25,623.5,622.9642333984375,2324022
2022-06-20,624.1500244140625,625.9000244140625,602.2000122070312,614.1500244140625,613.6222534179688,975584
2022-06-21,615.0499877929688,620.0,607.0,611.75,611.2243041992188,1013194
2022-06-22,607.0,609.2999877929688,595.5499877929688,599.0499877929688,598.5352172851562,1423249
2022-06-23,600.0,622.0,595.0,610.5999755859375,610.0752563476562,1391198
2022-06-24,612.0,620.0,605.0,614.4500122070312,613.9219970703125,1329654
2022-06-27,621.25,631.0,620.5,624.2999877929688,623.7634887695312,788738
2022-06-28,621.7000122070312,627.4500122070312,614.9500122070312,622.6500244140625,622.114990234375,1141215
2022-06-29,594.0,602.9500122070312,565.0,596.0499877929688,595.5377807617188,8784371
2022-06-30,594.0,600.25,582.2000122070312,591.7000122070312,591.1915283203125,2546047
2022-07-01,586.0,587.2999877929688,563.2999877929688,578.9000244140625,578.402587890625,2741511
2022-07-04,582.9500122070312,587.9000244140625,559.5999755859375,563.4500122070312,562.9658203125,2304333
2022-07-05,570.0,572.7999877929688,554.0,556.7000122070312,556.2216186523438,1728921
2022-07-06,560.5,585.0,558.0,581.6500244140625,581.1502075195312,2202048
2022-07-07,584.0,593.0,578.4500122070312,585.3499755859375,584.8469848632812,1800753
2022-07-08,586.0,598.9000244140625,579.5,582.0499877929688,581.5498046875,980621
2022-07-11,580.0,591.75,576.2000122070312,584.6500244140625,584.1476440429688,1197204
2022-07-12,583.4500122070312,587.75,574.1500244140625,577.0,576.504150390625,1415638
2022-07-13,579.9000244140625,584.9000244140625,566.75,571.1500244140625,570.6592407226562,889964
2022-07-14,568.6500244140625,571.1500244140625,550.3499755859375,554.5,554.0234985351562,2573264
2022-07-15,555.0,558.9500122070312,539.0,550.1500244140625,549.67724609375,2026203
2022-07-18,555.0,562.0,551.1500244140625,557.25,556.7711181640625,1659155
2022-07-19,550.5499877929688,569.5499877929688,545.0999755859375,566.2000122070312,565.7134399414062,2669484
2022-07-20,578.0,581.4500122070312,568.2000122070312,576.9500122070312,576.4542236328125,1919119
2022-07-21,575.0,601.0,570.0,586.75,586.2457885742188,4404423
2022-07-22,592.0,594.3499755859375,580.8499755859375,582.3499755859375,581.8495483398438,1042411
2022-07-25,581.9000244140625,584.9500122070312,570.0999755859375,581.7000122070312,581.2001342773438,1098397
2022-07-26,580.4000244140625,586.0,575.5999755859375,582.3499755859375,581.8495483398438,1075622
2022-07-27,581.0,590.0,578.6500244140625,581.8499755859375,581.3499755859375,951226
2022-07-28,582.0,594.0499877929688,577.5,590.7999877929688,590.7999877929688,1287017
2022-07-29,596.0,601.0,587.1500244140625,592.0499877929688,592.0499877929688,1320263
2022-08-01,593.2000122070312,607.4500122070312,588.25,604.75,604.75,1295727
2022-08-02,603.5499877929688,626.7000122070312,596.9500122070312,617.7999877929688,617.7999877929688,2648323
2022-08-03,620.0,623.4000244140625,600.5,609.5999755859375,609.5999755859375,1876962
2022-08-04,610.4500122070312,645.0,610.4500122070312,636.5999755859375,636.5999755859375,3809324
2022-08-05,636.5999755859375,650.0999755859375,628.5,648.0,648.0,1838153
2022-08-08,645.0,655.0,642.6500244140625,650.0499877929688,650.0499877929688,1277644
2022-08-10,650.5,657.5,640.3499755859375,645.1500244140625,645.1500244140625,1506846
2022-08-11,649.5999755859375,659.5999755859375,642.0,644.3499755859375,644.3499755859375,1369854
2022-08-12,648.0,648.0,628.0999755859375,631.1500244140625,631.1500244140625,8516334
2022-08-16,633.0,647.0999755859375,633.0,639.8499755859375,639.8499755859375,2194505
2022-08-17,647.0,652.0,637.5,646.25,646.25,1883992
2022-08-18,643.0,647.1500244140625,639.25,645.3499755859375,645.3499755859375,983261
2022-08-19,655.0,656.0,635.0,638.9500122070312,638.9500122070312,2046529
2022-08-22,634.7999877929688,644.0,628.9500122070312,636.9000244140625,636.9000244140625,1375779
2022-08-23,630.5,652.9500122070312,627.0,646.4500122070312,646.4500122070312,2306745
2022-08-24,646.5999755859375,659.0,643.25,651.6500244140625,651.6500244140625,2121635
2022-08-25,656.4000244140625,668.0,645.0,648.5,648.5,3640290
2022-08-26,652.4000244140625,658.7999877929688,637.25,641.4000244140625,641.4000244140625,1123235
2022-08-29,627.5,638.2999877929688,620.2000122070312,633.75,633.75,2405127
2022-08-30,634.2999877929688,644.7000122070312,628.4000244140625,633.9000244140625,633.9000244140625,4829944
2022-09-01,639.9500122070312,654.2999877929688,634.5999755859375,648.0,648.0,2108773
2022-09-02,645.0,655.7000122070312,643.4000244140625,645.2000122070312,645.2000122070312,1371229
2022-09-05,649.2000122070312,658.6500244140625,643.0,651.9500122070312,651.9500122070312,1027756
2022-09-06,657.9000244140625,657.9000244140625,647.4000244140625,650.0999755859375,650.0999755859375,1003879
2022-09-07,647.0,650.0999755859375,639.5499877929688,640.9000244140625,640.9000244140625,862386
2022-09-08,644.1500244140625,650.9000244140625,644.0999755859375,649.0,649.0,1210770
2022-09-09,657.0,668.0,648.5,652.5999755859375,652.5999755859375,2401767
2022-09-12,654.7000122070312,662.5499877929688,652.25,660.75,660.75,1050504
2022-09-13,662.7999877929688,677.2000122070312,662.2999877929688,674.7999877929688,674.7999877929688,2035584
2022-09-14,669.7999877929688,682.7000122070312,665.0,677.5999755859375,677.5999755859375,1474192
2022-09-15,681.0,686.5999755859375,674.7999877929688,680.8499755859375,680.8499755859375,1273028
2022-09-16,679.0,683.4000244140625,653.25,658.6500244140625,658.6500244140625,1257784
2022-09-19,658.6500244140625,661.1500244140625,644.0999755859375,653.4000244140625,653.4000244140625,1103577
2022-09-20,659.0,672.9000244140625,655.0999755859375,666.2000122070312,666.2000122070312,1037776
2022-09-21,670.0999755859375,678.1500244140625,663.5,666.0,666.0,1549475
2022-09-22,663.7000122070312,672.5499877929688,659.25,663.4000244140625,663.4000244140625,913273
2022-09-23,664.0,669.5999755859375,635.5999755859375,637.8499755859375,637.8499755859375,1211636
2022-09-26,633.0,635.0,589.6500244140625,597.1500244140625,597.1500244140625,2957525
2022-09-27,606.7000122070312,610.0499877929688,590.5,606.5999755859375,606.5999755859375,1373046
2022-09-28,602.5999755859375,604.0,577.0,582.25,582.25,1771176
2022-09-29,594.0,608.1500244140625,588.6500244140625,600.4000244140625,600.4000244140625,2772572
2022-09-30,602.7999877929688,624.9000244140625,588.0,619.2000122070312,619.2000122070312,2359873
2022-10-03,616.9500122070312,619.2000122070312,590.0999755859375,594.4000244140625,594.4000244140625,2032188
2022-10-04,606.0,615.6500244140625,604.0999755859375,607.75,607.75,1640822
2022-10-06,626.0,638.75,601.0499877929688,605.0499877929688,605.0499877929688,3958623
2022-10-07,605.0,605.0499877929688,587.0,591.0499877929688,591.0499877929688,2075229
2022-10-10,578.4000244140625,592.1500244140625,578.4000244140625,587.3499755859375,587.3499755859375,1142078
2022-10-11,589.7000122070312,590.2999877929688,578.7999877929688,582.7999877929688,582.7999877929688,2613081
2022-10-12,585.75,591.0,572.2000122070312,588.4500122070312,588.4500122070312,1964964
2022-10-13,583.2999877929688,586.9000244140625,578.0999755859375,581.5999755859375,581.5999755859375,2191049
2022-10-14,590.0,606.0,585.0,601.4000244140625,601.4000244140625,3262434
2022-10-17,599.5999755859375,618.0,595.8499755859375,615.75,615.75,1806133
2022-10-18,618.8499755859375,628.75,616.4500122070312,625.5999755859375,625.5999755859375,1137553
2022-10-19,628.0,632.0,616.5,625.9500122070312,625.9500122070312,1939613
2022-10-20,619.9500122070312,619.9500122070312,585.0,592.3499755859375,592.3499755859375,5705861
2022-10-21,595.3499755859375,607.0,577.3499755859375,579.3499755859375,579.3499755859375,3625697
2022-10-24,599.0,599.0,578.0,580.7000122070312,580.7000122070312,515268
2022-10-25,581.75,581.75,567.5,574.9000244140625,574.9000244140625,1469741
2022-10-27,576.5,583.25,575.9500122070312,580.8499755859375,580.8499755859375,1156810
2022-10-28,580.4000244140625,583.2000122070312,571.5499877929688,574.0999755859375,574.0999755859375,1169510
2022-10-31,579.8499755859375,590.2000122070312,577.1500244140625,589.5499877929688,589.5499877929688,1170001
2022-11-01,593.9500122070312,616.5999755859375,592.0,613.5999755859375,613.5999755859375,3250869
2022-11-02,614.0,621.75,610.4000244140625,616.5999755859375,616.5999755859375,1398819
2022-11-03,614.7999877929688,618.7999877929688,611.0499877929688,614.5999755859375,614.5999755859375,1134976
2022-11-04,613.0,619.9000244140625,611.7999877929688,616.3499755859375,616.3499755859375,805042
2022-11-07,619.4500122070312,621.75,613.7999877929688,616.3499755859375,616.3499755859375,1166056
2022-11-09,619.2999877929688,647.5999755859375,616.0,642.5499877929688,642.5499877929688,3550281
2022-11-10,639.5,643.0,620.1500244140625,628.4000244140625,628.4000244140625,1549410
2022-11-11,635.0,655.0,620.9500122070312,623.5499877929688,623.5499877929688,1519531
2022-11-14,625.9000244140625,640.5,622.0,636.1500244140625,636.1500244140625,1086235
2022-11-15,636.9000244140625,638.8499755859375,632.0,633.9000244140625,633.9000244140625,977826
2022-11-16,632.0,632.9000244140625,622.0,624.7999877929688,624.7999877929688,1791280
2022-11-17,621.7999877929688,621.7999877929688,605.5,610.9000244140625,610.9000244140625,1431167
2022-11-18,614.0,618.5999755859375,605.9000244140625,612.2000122070312,612.2000122070312,857461
2022-11-21,612.0,622.0,609.2000122070312,615.0499877929688,615.0499877929688,791310
2022-11-22,618.1500244140625,621.2999877929688,610.1500244140625,617.75,617.75,613966
2022-11-23,620.7999877929688,627.0,615.3499755859375,623.9000244140625,623.9000244140625,827880
2022-11-24,625.0,638.5499877929688,622.0,636.3499755859375,636.3499755859375,1089860
2022-11-25,636.0,640.0,628.5,637.75,637.75,1083395
2022-11-28,629.7000122070312,644.75,629.7000122070312,638.75,638.75,945254
2022-11-29,639.0,641.9000244140625,625.8499755859375,627.3499755859375,627.3499755859375,791869
2022-11-30,628.0,644.8499755859375,627.6500244140625,639.2999877929688,639.2999877929688,2604030
2022-12-01,642.0,649.2999877929688,637.2999877929688,639.2000122070312,639.2000122070312,1264166
2022-12-02,637.9000244140625,649.9500122070312,630.2000122070312,648.3499755859375,648.3499755859375,2011522
2022-12-05,650.0,656.0,646.25,651.1500244140625,651.1500244140625,1406695
2022-12-06,650.0,653.8499755859375,647.0,649.0999755859375,649.0999755859375,1401494
2022-12-07,648.8499755859375,675.5999755859375,648.75,671.6500244140625,671.6500244140625,3280365
2022-12-08,676.4500122070312,679.5499877929688,670.0,672.9500122070312,672.9500122070312,2015490
2022-12-09,673.4500122070312,694.7000122070312,673.0999755859375,682.1500244140625,682.1500244140625,2788592
2022-12-12,687.0,689.9000244140625,670.8499755859375,677.3499755859375,677.3499755859375,1289020
2022-12-13,679.4500122070312,679.4500122070312,662.0,664.0499877929688,664.0499877929688,1426088
2022-12-14,667.0,674.5,665.0,672.1500244140625,672.1500244140625,790701
2022-12-15,672.1500244140625,676.0,664.0999755859375,669.0,669.0,869684
2022-12-16,660.0,676.0,660.0,667.0499877929688,667.0499877929688,1692206
2022-12-19,669.8499755859375,679.1500244140625,664.9000244140625,670.5999755859375,670.5999755859375,867270
2022-12-20,667.25,684.4000244140625,667.25,676.4000244140625,676.4000244140625,1910526
2022-12-21,681.9500122070312,682.0,663.7999877929688,670.0999755859375,670.0999755859375,1296136
2022-12-22,671.0,675.7999877929688,661.5999755859375,671.5,671.5,1375529
2022-12-23,661.5,670.0,642.0,644.2999877929688,644.2999877929688,2087464
2022-12-26,641.0,663.0999755859375,637.7000122070312,655.0499877929688,655.0499877929688,705455
2022-12-27,660.0,665.4000244140625,653.0,663.3499755859375,663.3499755859375,896071
2022-12-28,662.9500122070312,667.2000122070312,657.9000244140625,663.2000122070312,663.2000122070312,391805
2022-12-29,662.7999877929688,670.0,656.1500244140625,665.4000244140625,665.4000244140625,2650477
2022-12-30,665.4000244140625,672.0,649.0999755859375,654.4500122070312,654.4500122070312,1010912
2023-01-02,656.9000244140625,661.25,654.0,657.0,657.0,1586054
2023-01-03,658.9500122070312,663.9000244140625,650.0,651.0499877929688,651.0499877929688,1288812
2023-01-04,652.0,655.4500122070312,639.0,641.5999755859375,641.5999755859375,1242852
2023-01-05,641.7999877929688,644.7000122070312,624.1500244140625,636.0999755859375,636.0999755859375,1987570
2023-01-06,635.0,639.3499755859375,619.4500122070312,625.7999877929688,625.7999877929688,1634322
2023-01-09,635.0,635.7000122070312,627.0,633.2000122070312,633.2000122070312,1012950
2023-01-10,632.9000244140625,632.9000244140625,617.75,625.2000122070312,625.2000122070312,1056504
2023-01-11,625.0499877929688,626.9500122070312,615.0499877929688,622.0499877929688,622.0499877929688,1159019
2023-01-12,625.0,631.9000244140625,620.4000244140625,628.1500244140625,628.1500244140625,923943
2023-01-13,631.4500122070312,631.5,616.2999877929688,619.75,619.75,1393324
2023-01-16,623.6500244140625,629.75,618.2000122070312,624.0,624.0,578028
2023-01-17,624.9500122070312,630.4500122070312,621.6500244140625,628.0,628.0,995664
2023-01-18,630.0,632.0,625.0,629.5,629.5,658733
2023-01-19,628.5499877929688,630.7999877929688,618.8499755859375,621.25,621.25,607144
2023-01-20,627.8499755859375,629.1500244140625,613.9000244140625,616.3499755859375,616.3499755859375,1583943
2023-01-23,616.3499755859375,645.0,613.5,640.9000244140625,640.9000244140625,2321545
2023-01-24,642.5,642.5,630.4500122070312,634.7000122070312,634.7000122070312,878065
2023-01-25,633.5,634.9500122070312,613.5,615.9000244140625,615.9000244140625,1557125
2023-01-27,618.8499755859375,626.6500244140625,601.0,603.9500122070312,603.9500122070312,1776308
2023-01-30,604.0,613.6500244140625,598.5,606.25,606.25,1447773
2023-01-31,609.4000244140625,624.0,605.0,618.9000244140625,618.9000244140625,926518
2023-02-01,622.0,633.0,600.2999877929688,611.8499755859375,611.8499755859375,1069083
2023-02-02,610.0,627.5499877929688,607.0,625.3499755859375,625.3499755859375,894783
2023-02-03,628.0,631.25,615.0,629.1500244140625,629.1500244140625,611768
2023-02-06,629.25,640.7000122070312,627.0,632.0499877929688,632.0499877929688,668139
2023-02-07,632.5,650.0,630.1500244140625,649.0,649.0,1562892
2023-02-08,650.9500122070312,652.9000244140625,645.2999877929688,649.0,649.0,776186
2023-02-09,652.0,652.75,636.0,640.8499755859375,640.8499755859375,713809
2023-02-10,642.0,652.5999755859375,642.0,649.9500122070312,649.9500122070312,739083
2023-02-13,648.4500122070312,652.75,633.5999755859375,634.7000122070312,634.7000122070312,1050676
2023-02-14,634.7000122070312,636.5,628.0999755859375,633.0,633.0,491778
2023-02-15,635.2000122070312,638.75,629.5499877929688,633.9500122070312,633.9500122070312,848205
2023-02-16,639.0,639.7000122070312,623.3499755859375,626.4500122070312,626.4500122070312,546492
2023-02-17,626.0,626.0,604.5,613.5,613.5,1686927
2023-02-20,613.7999877929688,614.7000122070312,600.5,603.0499877929688,603.0499877929688,1506325
2023-02-21,607.0499877929688,611.5,599.4500122070312,605.0999755859375,605.0999755859375,1166085
2023-02-22,603.0,606.2999877929688,588.25,595.4000244140625,595.4000244140625,1077300
2023-02-23,596.0,598.75,585.0,593.4000244140625,593.4000244140625,1294389
2023-02-24,597.0,606.5999755859375,595.6500244140625,598.0499877929688,598.0499877929688,999140
2023-02-27,598.0499877929688,600.4000244140625,586.2000122070312,597.2000122070312,597.2000122070312,1169695
2023-02-28,596.75,606.0,589.5,592.9000244140625,592.9000244140625,1360975
2023-03-01,593.0,613.5,591.0,611.5,611.5,1079988
2023-03-02,611.0,620.0,605.8499755859375,611.3499755859375,611.3499755859375,1774214
2023-03-03,616.25,625.5,610.5,623.25,623.25,1615160
2023-03-06,625.9000244140625,630.0,622.0,624.5499877929688,624.5499877929688,1067601
2023-03-08,618.5,633.0,618.5,631.0999755859375,631.0999755859375,824314
2023-03-09,632.0,636.6500244140625,622.5,623.75,623.75,953543
2023-03-10,616.0,626.4500122070312,612.2999877929688,624.5,624.5,1421904
2023-03-13,619.0,622.3499755859375,594.0499877929688,596.4500122070312,596.4500122070312,3529195
2023-03-14,596.0,606.9000244140625,588.2999877929688,590.6500244140625,590.6500244140625,1493303
2023-03-15,596.75,599.6500244140625,580.25,583.2000122070312,583.2000122070312,862519
2023-03-16,582.0,588.9500122070312,573.8499755859375,584.0,584.0,1453328
2023-03-17,591.0499877929688,594.0499877929688,581.2999877929688,590.25,590.25,1049797
2023-03-20,585.0499877929688,592.0499877929688,573.0499877929688,577.0999755859375,577.0999755859375,899489
2023-03-21,581.2000122070312,582.5999755859375,568.7999877929688,579.5999755859375,579.5999755859375,1113971
2023-03-22,584.2000122070312,586.9500122070312,577.6500244140625,579.4500122070312,579.4500122070312,854002
2023-03-23,579.0,582.0,567.5,569.6500244140625,569.6500244140625,917334
2023-03-24,570.0,570.2000122070312,548.0,559.9000244140625,559.9000244140625,2178563
2023-03-27,562.0,572.75,560.0499877929688,566.9000244140625,566.9000244140625,1373334
2023-03-28,566.9000244140625,569.7000122070312,551.0,563.5499877929688,563.5499877929688,1763884
2023-03-29,563.5499877929688,589.9500122070312,562.7000122070312,585.5499877929688,585.5499877929688,2505188
2023-03-31,584.0,591.5499877929688,578.0,579.2000122070312,579.2000122070312,1618002
2023-04-03,580.4000244140625,580.9000244140625,560.0499877929688,562.7999877929688,562.7999877929688,1980458
2023-04-05,564.9000244140625,571.2000122070312,555.75,558.4000244140625,558.4000244140625,1578872
2023-04-06,558.4500122070312,571.5,553.6500244140625,569.4500122070312,569.4500122070312,2686132
2023-04-10,570.0,572.5499877929688,560.2000122070312,564.5,564.5,1052472
2023-04-11,567.9500122070312,588.0,559.75,576.2000122070312,576.2000122070312,1999310
2023-04-12,579.7999877929688,587.5,574.2000122070312,580.1500244140625,580.1500244140625,1782378
2023-04-13,630.0,689.9000244140625,625.0,679.2000122070312,679.2000122070312,30807207
2023-04-17,670.0499877929688,692.9500122070312,665.0999755859375,688.6500244140625,688.6500244140625,5636506
2023-04-18,688.0,696.5499877929688,681.0,693.0499877929688,693.0499877929688,3177457
2023-04-19,694.0,699.0,674.4500122070312,678.5999755859375,678.5999755859375,3693818
2023-04-20,682.0,685.0,674.0999755859375,679.4000244140625,679.4000244140625,1555616
2023-04-21,680.4500122070312,680.8499755859375,656.8499755859375,665.9500122070312,665.9500122070312,3742874
2023-04-24,662.0,669.75,658.6500244140625,663.9000244140625,663.9000244140625,2852500
2023-04-25,667.0,667.75,658.5499877929688,660.1500244140625,660.1500244140625,2107327
2023-04-26,649.9500122070312,655.0,630.8499755859375,643.4000244140625,643.4000244140625,5008439
